Date,Open,High,Low,Close,Adj Close,Volume,LOG_ADJ_CLOSE,zScore,mean,stdev,LB,UB,UpperEntryZscore,LowerEntryZscore,long_entry,long_exit,num_units_long,short_entry,short_exit,num_units_short,stance,pct_rets,syst_rets,syst_cum_rets,market_cum_rets,Det_Adj_Close,Det_pct_rets,Det_syst_rets
2022-02-24,152.5800018310547,162.85000610351562,152.0,162.74000549316406,161.76010131835938,141147500,5.086114381621862,,,,,,0.5,-0.5,False,False,0.0,False,False,0.0,0.0,,,1.0,,28.04765925621131,,
2022-02-25,163.83999633789062,165.1199951171875,160.8699951171875,164.85000610351562,163.85740661621094,91974200,5.09899657776193,,,,,,0.5,-0.5,False,False,0.0,False,False,0.0,0.0,0.012965529081388648,0.0,1.0,1.0129655290813886,30.231320315379087,0.07785537606615751,0.0
2022-02-28,163.05999755859375,165.4199981689453,162.42999267578125,165.1199951171875,164.12576293945312,95056600,5.100632981138908,,,,,,0.5,-0.5,False,False,0.0,False,False,0.0,0.0,0.001637743015613175,0.0,1.0,1.0146245063016985,30.58603239993746,0.01173326473531244,0.0
2022-03-01,164.6999969482422,166.60000610351562,161.97000122070312,163.1999969482422,162.21734619140625,83474400,5.088937079190212,,,,,,0.5,-0.5,False,False,0.0,False,False,0.0,0.0,-0.011627770764733019,-0.0,1.0,1.002826685130142,28.763971413206797,-0.059571668626571775,-0.0
2022-03-02,164.38999938964844,167.36000061035156,162.9499969482422,166.55999755859375,165.55709838867188,79724800,5.109316140686069,,,,,,0.5,-0.5,False,False,0.0,False,False,0.0,0.0,0.020588132377193053,0.0,1.0,1.023473013674983,32.190079371788634,0.11911108898574284,0.0
2022-03-03,168.47000122070312,168.91000366210938,165.5500030517578,166.22999572753906,165.22909545898438,76678400,5.107332968212185,,,,,,0.5,-0.5,False,False,0.0,False,False,0.0,0.0,-0.0019812072866695236,-0.0,1.0,1.0214453014825806,31.94843220341732,-0.007506883272338089,-0.0
2022-03-04,164.49000549316406,165.5500030517578,162.10000610351562,163.1699981689453,162.18751525878906,83737200,5.088753167441369,,,,,,0.5,-0.5,False,False,0.0,False,False,0.0,0.0,-0.0184082603112134,-0.0,1.0,1.0026422704792233,28.99320776453822,-0.0924998265975317,-0.0
2022-03-07,163.36000061035156,165.02000427246094,159.0399932861328,159.3000030517578,158.3408203125,96418800,5.064749800432786,,,,,,0.5,-0.5,False,False,0.0,False,False,0.0,0.0,-0.023717577398921323,-0.0,1.0,0.9788620248257021,25.23286857956537,-0.12969724548975725,-0.0
2022-03-08,158.82000732421875,162.8800048828125,155.8000030517578,157.44000244140625,156.4920196533203,131148300,5.053005016049498,,,,,,0.5,-0.5,False,False,0.0,False,False,0.0,0.0,-0.011676083624746363,-0.0,1.0,0.9674327499667486,23.470423681701895,-0.06984718730278554,-0.0
2022-03-09,161.47999572753906,163.41000366210938,159.41000366210938,162.9499969482422,161.96884155273438,91454900,5.087403980639193,,,,,,0.5,-0.5,False,False,0.0,False,False,0.0,0.0,0.03499745170103222,0.0,1.0,1.0012904309077066,29.033601342432142,0.2370292814555126,0.0
2022-03-10,160.1999969482422,160.38999938964844,155.97999572753906,158.52000427246094,157.56552124023438,105342000,5.059841379632907,,,,,,0.5,-0.5,False,False,0.0,False,False,0.0,0.0,-0.027186218474411647,-0.0,1.0,0.974069130496712,24.716636791248355,-0.14868856606068406,-0.0
2022-03-11,158.92999267578125,159.27999877929688,154.5,154.72999572753906,153.79833984375,96970100,5.035642262759384,,,,,,0.5,-0.5,False,False,0.0,False,False,0.0,0.0,-0.02390866584790902,-0.0,1.0,0.9507804371429027,21.035811156080193,-0.14892097441313154,-0.0
2022-03-14,151.4499969482422,154.1199951171875,150.10000610351562,150.6199951171875,149.7130889892578,108732100,5.008720722401365,,,,,,0.5,-0.5,False,False,0.0,False,False,0.0,0.0,-0.026562385905092085,-0.0,1.0,0.9255254402605008,17.03691606290419,-0.1900994006603906,-0.0
2022-03-15,150.89999389648438,155.57000732421875,150.3800048828125,155.08999633789062,154.1561737060547,92964300,5.037966203520804,,,,,,0.5,-0.5,False,False,0.0,False,False,0.0,0.0,0.029677329796566246,0.0,1.0,0.9529925639862238,21.566356541017278,0.265860350628562,0.0
2022-03-16,157.0500030517578,160.0,154.4600067138672,159.58999633789062,158.62905883789062,102300200,5.06656851333771,,,,,,0.5,-0.5,False,False,0.0,False,False,0.0,0.0,0.029015283814483123,0.0,1.0,0.980643913703376,26.12559743416943,0.21140524522447185,0.0
2022-03-17,158.61000061035156,161.0,157.6300048828125,160.6199951171875,159.65286254882812,75615400,5.073001849152432,,,,,,0.5,-0.5,False,False,0.0,False,False,0.0,0.0,0.006454074167985615,0.0,1.0,0.9869730622548014,27.235756906423113,0.04249317073230705,0.0
2022-03-18,160.50999450683594,164.47999572753906,159.75999450683594,163.97999572753906,162.9926300048828,123511700,5.093704985090577,,,,,,0.5,-0.5,False,False,0.0,False,False,0.0,0.0,0.02091893250603794,0.0,1.0,1.0076194851293871,30.661880123794013,0.12579504322726953,0.0
2022-03-21,163.50999450683594,166.35000610351562,163.00999450683594,165.3800048828125,164.38421630859375,95811400,5.102206470157761,,,,,,0.5,-0.5,False,False,0.0,False,False,0.0,0.0,0.00853772531720759,0.0,1.0,1.016222263517688,32.139822188821164,0.04820128638753135,0.0
2022-03-22,165.50999450683594,169.4199981689453,164.91000366210938,168.82000732421875,167.80349731445312,81532000,5.122793635975942,,,,,,0.5,-0.5,False,False,0.0,False,False,0.0,0.0,0.020800543279900167,0.0,1.0,1.0373602386919858,35.64545895599675,0.10907455388458603,0.0
2022-03-23,167.99000549316406,172.63999938964844,167.64999389648438,170.2100067138672,169.18511962890625,98062700,5.130993497849058,,,,,,0.5,-0.5,False,False,0.0,False,False,0.0,0.0,0.008233572819188937,0.0,1.0,1.0459014197569874,37.11343703176606,0.0411827514293331,0.0
2022-03-24,171.05999755859375,174.13999938964844,170.2100067138672,174.07000732421875,173.0218963623047,90131400,5.1534181550568885,,,,,,0.5,-0.5,False,False,0.0,False,False,0.0,0.0,0.02267797984724717,0.0,1.0,1.0696203510764435,41.03656952648071,0.10570652595060841,0.0
2022-03-25,173.8800048828125,175.27999877929688,172.75,174.72000122070312,173.66798400878906,80546200,5.157145338519764,,,,,,0.5,-0.5,False,False,0.0,False,False,0.0,0.0,0.003734138048813656,0.0,1.0,1.0736144611271834,41.7690129342813,0.017848553528041506,0.0
2022-03-28,172.1699981689453,175.72999572753906,172.0,175.60000610351562,174.5426788330078,90371900,5.162169289577784,,,,,,0.5,-0.5,False,False,0.0,False,False,0.0,0.0,0.005036592260865325,0.0,1.0,1.0790218194132497,42.730063519816234,0.023008697549234312,0.0
2022-03-29,176.69000244140625,179.00999450683594,176.33999633789062,178.9600067138672,177.88243103027344,100589400,5.18112283223605,,,,,,0.5,-0.5,False,False,0.0,False,False,0.0,0.0,0.019134301247094435,0.0,1.0,1.0996681479580908,46.15617147839807,0.08018026832543712,0.0
2022-03-30,178.5500030517578,179.61000061035156,176.6999969482422,177.77000427246094,176.69960021972656,92633200,5.174451116842766,1.7232272854928057,5.097799533811409,0.04448141210196584,5.0755588277604256,5.120040239862392,0.5,-0.5,False,True,0.0,True,False,-1.0,0.0,-0.006649508912690605,-0.0,1.0,1.0923558948072416,45.05969642916741,-0.023755762536410378,-0.0
2022-03-31,177.83999633789062,178.02999877929688,174.39999389648438,174.61000061035156,173.5586395263672,103049300,5.156515522263608,1.2174347402497674,5.100615579437078,0.045916171913298214,5.077657493480429,5.123573665393727,0.5,-0.5,False,True,0.0,True,False,-1.0,0.0,-0.017775709110001266,-0.0,1.0,1.072938494176553,42.00509149712422,-0.06779018000809092,-0.0
2022-04-01,174.02999877929688,174.8800048828125,171.94000244140625,174.30999755859375,173.26043701171875,78751300,5.1547958787473895,1.1012258563752957,5.102847551476497,0.04717318156865779,5.079260960692168,5.126434142260826,0.5,-0.5,False,True,0.0,True,False,-1.0,0.0,-0.0017181657764903965,-0.0,1.0,1.0710950079755797,41.793244743791995,-0.005043358930588883,-0.0
2022-04-04,174.57000732421875,178.49000549316406,174.44000244140625,178.44000244140625,177.36557006835938,76468400,5.178212970252215,1.459399728207711,5.1059507510410285,0.049515028552137394,5.0811932367649595,5.1307082653170974,0.5,-0.5,False,True,0.0,True,False,-1.0,0.0,0.023693424346857485,0.0,1.0,1.0964729165153457,45.98473356174883,0.10029106004217213,0.0
2022-04-05,177.5,178.3000030517578,174.4199981689453,175.05999755859375,174.00592041015625,73401800,5.159089323981406,0.9969019058737143,5.108756840832676,0.050488902521073104,5.08351238957214,5.134001292093212,0.5,-0.5,False,True,0.0,True,False,-1.0,0.0,-0.018941949426307853,-0.0,1.0,1.0757035819833958,42.71143966486189,-0.07118218685537285,-0.0
2022-04-06,172.36000061035156,173.6300048828125,170.1300048828125,171.8300018310547,170.7953643798828,89058800,5.140466140353151,0.5986567310370801,5.11000284081936,0.05088608872904298,5.084559796454839,5.135445885183881,0.5,-0.5,False,True,0.0,True,False,-1.0,0.0,-0.01845084364201924,-0.0,1.0,1.0558559433870602,39.58723939590467,-0.07314668607453803,-0.0
2022-04-07,171.16000366210938,173.36000061035156,169.85000610351562,172.13999938964844,171.10348510742188,77594700,5.142268549524265,0.6018638004792372,5.111400264071843,0.05128782529841895,5.085756351422634,5.137044176721052,0.5,-0.5,False,True,0.0,True,False,-1.0,0.0,0.001804034486871323,0.0,1.0,1.0577607439220984,39.98171588475994,0.009964738508542839,0.0
2022-04-08,171.77999877929688,171.77999877929688,169.1999969482422,170.08999633789062,169.0658416748047,76575500,5.130288234759274,0.33648078808460735,5.113061666764559,0.05119628996584388,5.087463521781637,5.138659811747481,0.5,-0.5,False,True,0.0,False,False,-1.0,0.0,-0.011908836522750649,-0.0,1.0,1.045164044142547,38.03042821345897,-0.0488045004602906,-0.0
2022-04-11,168.7100067138672,169.02999877929688,165.5,165.75,164.75198364257812,72246700,5.104441213629271,-0.20317797532009016,5.114649323292419,0.050242205864417196,5.08952822036021,5.1397704262246275,0.5,-0.5,False,False,0.0,False,True,0.0,0.0,-0.025515846308707325,-0.0,1.0,1.0184957990248187,33.80292594254859,-0.11116104838951735,-0.0
2022-04-12,168.02000427246094,169.8699951171875,166.63999938964844,167.66000366210938,166.65049743652344,79265200,5.115898789666926,-0.026069273385589314,5.117165074237116,0.04857383447019388,5.092878157002019,5.141451991472213,0.5,-0.5,False,False,0.0,False,True,0.0,0.0,0.011523465465909358,0.0,1.0,1.0302324001920549,35.787795497810116,0.05871886826113831,0.0
2022-04-13,167.38999938964844,171.0399932861328,166.77000427246094,170.39999389648438,169.37396240234375,70618900,5.132109065577378,0.272633992052761,5.118953277634643,0.048254393532077826,5.094826080868604,5.143080474400682,0.5,-0.5,False,True,0.0,False,False,0.0,0.0,0.01634237525668155,0.0,1.0,1.047068844677585,38.59761622494664,0.07851337831938994,0.0
2022-04-14,170.6199951171875,171.27000427246094,165.0399932861328,165.2899932861328,164.2947540283203,75329400,5.1016620953083995,-0.4050108393842628,5.120626106261662,0.04682346522402628,5.097214373649649,5.144037838873675,0.5,-0.5,False,False,0.0,False,True,0.0,0.0,-0.029988129828113136,-0.0,1.0,1.0156692082244212,33.60476361223939,-0.1293565018007574,-0.0
2022-04-18,163.9199981689453,166.60000610351562,163.57000732421875,165.07000732421875,164.07608032226562,69023900,5.100330224657876,-0.5247466529441585,5.123213624737603,0.04360847268169628,5.101409388396755,5.1450178610784505,0.5,-0.5,True,False,1.0,False,True,0.0,1.0,-0.0013309841044406908,-0.0,1.0,1.0143173686529046,33.472445667500914,-0.003937475837213813,-0.0
2022-04-19,165.02000427246094,167.82000732421875,163.91000366210938,167.39999389648438,166.3920440673828,67723800,5.1143467151490185,-0.35761979944895883,5.127438664447509,0.03660856954414576,5.109134379675436,5.145742949219582,0.5,-0.5,False,False,1.0,False,True,0.0,1.0,0.01411518205803277,0.01411518205803277,1.0141151820580327,1.028634642976065,35.874765173934314,0.07177006216686048,0.07177006216686048
2022-04-20,168.75999450683594,168.8800048828125,166.10000610351562,167.22999572753906,166.2230682373047,67929800,5.11333067084818,-0.5399913462566087,5.130453243140604,0.03170897535881428,5.114598755461197,5.146307730820011,0.5,-0.5,True,False,1.0,False,True,0.0,1.0,-0.0010155283026013903,-0.0010155283026013903,1.013085319388555,1.0275900353830867,35.792145105172374,-0.002303013507164923,-0.002303013507164923
2022-04-21,168.91000366210938,171.52999877929688,165.91000366210938,166.4199981689453,165.41795349121094,87227800,5.1084753225949875,-0.8100912932021065,5.132129515510894,0.02919941630579342,5.117529807357998,5.146729223663791,0.5,-0.5,True,False,1.0,False,True,0.0,1.0,-0.0048435801037214985,-0.0048435801037214985,1.0081783594921923,1.0226128207329226,35.07338612039484,-0.020081472699261832,-0.020081472699261832
2022-04-22,166.4600067138672,167.8699951171875,161.5,161.7899932861328,160.81582641601562,84882400,5.080259774886813,-1.8226744488169968,5.13241983254027,0.02861731983312284,5.118111172623709,5.146728492456831,0.5,-0.5,True,False,1.0,False,True,0.0,1.0,-0.027821206695316993,-0.027821206695316993,0.9801296209670144,0.9941624980780308,30.557614806515737,-0.12875207709851608,-0.12875207709851608
2022-04-25,161.1199951171875,163.1699981689453,158.4600067138672,162.8800048828125,161.89927673339844,96046400,5.086974393307326,-1.5564339220503842,5.1321506088689395,0.029025463221785994,5.117637877258047,5.146663340479832,0.5,-0.5,True,False,1.0,False,True,0.0,1.0,0.006737212011584152,0.006737212011584152,0.9867329620223027,1.0008603816015484,31.727420885214762,0.03828198261238603,0.03828198261238603
2022-04-26,162.25,162.33999633789062,156.72000122070312,156.8000030517578,155.8558807373047,95623200,5.048931738817502,-2.4572714376767695,5.13001961961533,0.03299915489779686,5.1135200421664315,5.146519197064228,0.5,-0.5,True,False,1.0,False,True,0.0,1.0,-0.0373281222623711,-0.0373281222623711,0.9499000733756225,0.9635001429095624,25.770380650437197,-0.18775683836165816,-0.18775683836165816
2022-04-27,155.91000366210938,159.7899932861328,155.3800048828125,156.57000732421875,155.6272735595703,88063200,5.047463876330381,-2.1558795927758814,5.127006429229507,0.03689563794084979,5.108558610259082,5.145454248199932,0.5,-0.5,True,False,1.0,False,True,0.0,1.0,-0.0014667857039009822,-0.0014667857039009822,0.9485067735278606,0.9620868946742361,25.628129234019035,-0.0055199579062387176,-0.0055199579062387176
2022-04-28,159.25,164.52000427246094,158.92999267578125,163.63999938964844,162.65469360351562,130216800,5.0916295095796436,-0.9001361190615401,5.125431869698731,0.03755249834250471,5.106655620527478,5.144208118869983,0.5,-0.5,True,False,1.0,False,True,0.0,1.0,0.04515545304631574,0.04515545304631574,0.9913370266040105,1.0055303642731743,32.74190503928056,0.27757686643075874,0.27757686643075874
2022-04-29,161.83999633789062,166.1999969482422,157.25,157.64999389648438,156.7007293701172,131747600,5.054337803914749,-1.693263505453244,5.121468655653046,0.039645838655411894,5.10164573632534,5.141291574980752,0.5,-0.5,True,False,1.0,False,True,0.0,1.0,-0.03660493344207897,-0.03660493344207897,0.9550492007265022,0.9687229922149654,26.874296567198307,-0.17920791307173073,-0.17920791307173073
2022-05-02,156.7100067138672,158.22999572753906,153.27000427246094,157.9600067138672,157.00889587402344,123055300,5.056302465361083,-1.4920338218214262,5.117434940726698,0.04097258015973561,5.09694865064683,5.137921230806565,0.5,-0.5,True,False,1.0,False,True,0.0,1.0,0.0019665926581514514,0.0019665926581514514,0.9569273934728243,0.9706280757392377,27.26881883242077,0.014680282486128439,0.014680282486128439
2022-05-03,158.14999389648438,160.7100067138672,156.32000732421875,159.47999572753906,158.51971435546875,88966500,5.065878966374287,-1.1601893685715459,5.113583327798557,0.04111773708373598,5.093024459256689,5.1341421963404255,0.5,-0.5,True,False,1.0,False,True,0.0,1.0,0.009622502425961407,0.009622502425961407,0.9661354296379854,0.9799679467527447,28.865993075182296,0.058571449411757945,0.058571449411757945
2022-05-04,159.6699981689453,166.47999572753906,159.25999450683594,166.02000427246094,165.02037048339844,108256500,5.106068923755476,-0.11675638573096819,5.110581171459335,0.038646688792306934,5.091257827063182,5.129904515855489,0.5,-0.5,False,False,1.0,False,True,0.0,1.0,0.041008502660763356,0.041008502660763356,1.0057551969749525,1.0201549649046175,35.45300496442817,0.22819280362500655,0.22819280362500655
2022-05-05,163.85000610351562,164.0800018310547,154.9499969482422,156.77000427246094,155.8260498046875,130525300,5.048740319747064,-1.4885834838615626,5.105552739575506,0.03816542400501712,5.0864700275729975,5.124635451578015,0.5,-0.5,True,False,1.0,False,True,0.0,1.0,-0.05571627703766375,-0.05571627703766375,0.9497182617882259,0.9633157282586436,26.345040047033443,-0.2569024805240971,-0.2569024805240971
2022-05-06,156.00999450683594,159.44000244140625,154.17999267578125,157.27999877929688,156.5626678466797,116124600,5.05345636335321,-1.262576508039714,5.101430373219091,0.03799691310617313,5.082431916666004,5.120428829772178,0.5,-0.5,True,False,1.0,False,True,0.0,1.0,0.004727181642064759,0.004727181642064759,0.9542077525204847,0.9678694966847801,27.168013850341843,0.03123828249413007,0.03123828249413007
2022-05-09,154.92999267578125,155.8300018310547,151.49000549316406,152.05999755859375,151.36648559570312,131577900,5.019703953194405,-1.9243820330136454,5.096026696196971,0.03966091020037349,5.076196241096785,5.115857151297158,0.5,-0.5,True,False,1.0,False,True,0.0,1.0,-0.03318915244894226,-0.03318915244894226,0.9225384059541197,0.9357467284086278,22.058187360681494,-0.18808244569545723,-0.18808244569545723
2022-05-10,155.52000427246094,156.74000549316406,152.92999267578125,154.50999450683594,153.8052978515625,115366700,5.035687502847348,-1.4553931394062052,5.090325677500777,0.03754186629993419,5.07155474435081,5.109096610650744,0.5,-0.5,True,False,1.0,False,True,0.0,1.0,0.01611196987405385,0.01611196987405385,0.9374023169585103,0.9508234515064922,24.583355377857053,0.11447758493867212,0.11447758493867212
2022-05-11,153.5,155.4499969482422,145.80999755859375,146.5,145.83184814453125,142689800,4.982454232925915,-2.4852777897385083,5.083260273858557,0.04056127703263666,5.062979635342239,5.103540912374876,0.5,-0.5,True,False,1.0,False,True,0.0,1.0,-0.05184119024772753,-0.05184119024772753,0.8888062651064036,0.9015316320649432,16.696261432142016,-0.32083065246736714,-0.32083065246736714
2022-05-12,142.77000427246094,146.1999969482422,138.8000030517578,142.55999755859375,141.90980529785156,182602000,4.955191681834029,-2.6112635313103767,5.075849295517792,0.046206601607619004,5.052745994713983,5.098952596321602,0.5,-0.5,True,False,1.0,False,True,0.0,1.0,-0.02689428198696778,-0.02689428198696778,0.8649024587808484,0.8772855861320175,12.860574346778542,-0.22973329094975617,-0.22973329094975617
2022-05-13,144.58999633789062,148.10000610351562,143.11000061035156,147.11000061035156,146.43905639648438,113990900,4.986609344612622,-1.75293471340146,5.069622927321326,0.047356916417966285,5.045944469112343,5.093301385530309,0.5,-0.5,True,False,1.0,False,True,0.0,1.0,0.031916406967978435,0.031916406967978435,0.8925070376429032,0.9052853899261485,17.47618120672754,0.3588958576414719,0.3588958576414719
2022-05-16,145.5500030517578,147.52000427246094,144.17999267578125,145.5399932861328,144.876220703125,86643800,4.975879727530371,-1.7816132993963354,5.063446587032171,0.04915031759780336,5.03887142823327,5.088021745831073,0.5,-0.5,True,False,1.0,False,True,0.0,1.0,-0.010672260063790568,-0.010672260063790568,0.8829819704284149,0.8956239488129066,15.999701274684377,-0.08448527253052195,-0.08448527253052195
2022-05-17,148.86000061035156,149.77000427246094,146.67999267578125,149.24000549316406,148.55934143066406,78336300,5.0009844840154,-1.168709951862901,5.059308317847616,0.04990445554027261,5.03435609007748,5.084260545617752,0.5,-0.5,True,False,1.0,False,True,0.0,1.0,0.025422534558562082,0.025422534558562082,0.9054296100862186,0.9183929796030786,19.769177763539652,0.23559667922172722,0.23559667922172722
2022-05-18,146.85000610351562,147.36000061035156,139.89999389648438,140.82000732421875,140.17776489257812,109742900,4.942911366392189,-2.042954233689377,5.052388820916626,0.05358781548754087,5.0255949131728554,5.079182728660396,0.5,-0.5,True,False,1.0,False,True,0.0,1.0,-0.056419047482098625,-0.056419047482098625,0.8543461339230662,0.8665781224796265,11.473956986769899,-0.41960373243588567,-0.41960373243588567
2022-05-19,139.8800048828125,141.66000366210938,136.60000610351562,137.35000610351562,136.72357177734375,136095600,4.917961163227234,-2.1965143477579323,5.04382290482262,0.057300669000344806,5.015172570322448,5.072473239322792,0.5,-0.5,True,False,1.0,False,True,0.0,1.0,-0.024641519415589293,-0.024641519415589293,0.8332937470763673,0.8452243208494198,8.106119632851737,-0.29352013065775506,-0.29352013065775506
2022-05-20,139.08999633789062,140.6999969482422,132.61000061035156,137.58999633789062,136.96246337890625,137426100,4.919706898351034,-1.9128916724682046,5.0365446969443255,0.06107915062567841,5.006005121631486,5.067084272257165,0.5,-0.5,True,False,1.0,False,True,0.0,1.0,0.0017472598064621828,0.0017472598064621828,0.8347497277476101,0.8467011473326843,8.43136699573045,0.040123681565293,0.040123681565293
2022-05-23,137.7899932861328,143.25999450683594,137.64999389648438,143.11000061035156,142.45730590820312,117726300,4.959042347155631,-1.1689410719758664,5.0308931818442355,0.06146660119244085,5.000159881248015,5.061626482440456,0.5,-0.5,True,False,1.0,False,True,0.0,1.0,0.04011933192304967,0.04011933192304967,0.8682393291477919,0.8806702317021513,14.01256528634351,0.661956512323484,0.661956512323484
2022-05-24,140.80999755859375,141.97000122070312,137.3300018310547,140.36000061035156,139.7198486328125,104132700,4.939639336577126,-1.369844880522327,5.02390488670136,0.061514665873776644,4.993147553764472,5.0546622196382485,0.5,-0.5,True,False,1.0,False,True,0.0,1.0,-0.019215983749928504,-0.019215983749928504,0.8515552563078391,0.863747286840717,11.361463772269097,-0.18919458785024512,-0.18919458785024512
2022-05-25,138.42999267578125,141.7899932861328,138.33999633789062,140.52000427246094,139.87911987304688,92482700,4.940778620161131,-1.254961139633708,5.017002804673878,0.0607382827288143,4.986633663309472,5.047371946038285,0.5,-0.5,True,False,1.0,False,True,0.0,1.0,0.0011399328140767177,0.0011399328140767177,0.8525259720875039,0.8647319007160564,11.607090773819685,0.021619309489866165,0.021619309489866165
2022-05-26,137.38999938964844,144.33999633789062,137.13999938964844,143.77999877929688,143.12423706054688,90601500,4.963713043712964,-0.8117573271115425,5.011212313518597,0.05851412511994033,4.981955250958627,5.040469376078567,0.5,-0.5,True,False,1.0,False,True,0.0,1.0,0.023199439562139375,0.023199439562139375,0.8723040968521021,0.8847931961841724,14.938563722635898,0.28702049581024214,0.28702049581024214
2022-05-27,145.38999938964844,149.67999267578125,145.25999450683594,149.63999938964844,148.95751953125,90978500,5.003661161478525,-0.07910303319828059,5.0081483689822655,0.05672611178502922,4.979785313089751,5.03651142487478,0.5,-0.5,False,False,1.0,False,True,0.0,1.0,0.04075677600458006,0.04075677600458006,0.9078563995353808,0.9208545142914273,20.858201954655208,0.39626555416766623,0.39626555416766623
2022-05-31,149.07000732421875,150.66000366210938,146.83999633789062,148.83999633789062,148.16116333007812,103718400,4.998300622716923,-0.11600921274016746,5.00460141815865,0.0543128885448036,4.977444973886248,5.031757862431052,0.5,-0.5,False,False,1.0,False,True,0.0,1.0,-0.005346196712176093,-0.005346196712176093,0.9030028206370567,0.91593144491473,20.148201514799545,-0.03403938850525904,-0.03403938850525904
2022-06-01,149.89999389648438,151.74000549316406,147.67999267578125,148.7100067138672,148.03176879882812,74286600,4.997426904775367,-0.095536690328085,5.002541224796964,0.05353252246894258,4.975774963562492,5.029307486031436,0.5,-0.5,False,False,1.0,False,True,0.0,1.0,-0.0008733363611740195,-0.0008733363611740195,0.9022141954395516,0.9151315286795433,20.10516274486576,-0.002136109761567236,-0.002136109761567236
2022-06-02,147.8300018310547,151.27000427246094,146.86000061035156,151.2100067138672,150.52037048339844,72348100,5.014098427078827,0.24427212365124262,5.001206606826901,0.052776469370413644,4.974818372141694,5.027594841512109,0.5,-0.5,False,True,0.0,False,False,0.0,0.0,0.016811267640477003,0.016811267640477003,0.9173815597481235,0.9305160497344139,22.680120190752255,0.12807443931504917,0.12807443931504917
2022-06-03,146.89999389648438,147.97000122070312,144.4600067138672,145.3800048828125,144.71694946289062,88570300,4.97477976197385,-0.4393826582963711,4.9965326169226705,0.049507768543172063,4.971778732651084,5.021286501194257,0.5,-0.5,False,False,0.0,False,True,0.0,0.0,-0.038555718417846295,-0.0,0.9173815597481235,0.8946393349375672,16.963054931560656,-0.252073851950869,-0.0
2022-06-06,147.02999877929688,148.57000732421875,144.89999389648438,146.13999938964844,145.47348022460938,71598400,4.97999380350146,-0.28199531882204937,4.993558856906138,0.04810382477745294,4.969506944517412,5.017610769294865,0.5,-0.5,False,False,0.0,False,True,0.0,0.0,0.005227658297984958,0.0,0.9173815597481235,0.8993162036805572,17.80594145459562,0.04968954745685155,0.0
2022-06-07,144.35000610351562,149.0,144.10000610351562,148.7100067138672,148.03176879882812,67808200,4.997426904775367,0.13437301727238013,4.991203834482711,0.046311904123147056,4.968047882421137,5.014359786544285,0.5,-0.5,False,True,0.0,False,False,0.0,0.0,0.017585944670250427,0.0,0.9173815597481235,0.9151315286795432,20.450585790130553,0.14852594805383715,0.0
2022-06-08,148.5800018310547,149.8699951171875,147.4600067138672,147.9600067138672,147.28518676757812,53950200,4.9923707533578,0.09414018632612155,4.988263505962051,0.043629055306106466,4.966448978308998,5.010078033615104,0.5,-0.5,False,True,0.0,False,False,0.0,0.0,-0.005043390599923104,-0.0,0.9173815597481235,0.9105161629301075,19.790359520196766,-0.03228397840087359,-0.0
2022-06-09,147.0800018310547,147.9499969482422,142.52999877929688,142.63999938964844,141.9894561767578,69473000,4.95575280256807,-0.7261457012240266,4.982250861114554,0.03649137976279116,4.9640051712331585,5.00049655099595,0.5,-0.5,True,False,1.0,False,True,0.0,1.0,-0.03595562260566764,-0.0,0.9173815597481235,0.8777779873994319,14.580984690692667,-0.26322790266582813,-0.0
2022-06-10,140.27999877929688,140.75999450683594,137.05999755859375,137.1300048828125,136.50457763671875,91437900,4.916358149862839,-1.6812387845539514,4.976955574319186,0.03604331818482527,4.9589339152267735,4.994977233411599,0.5,-0.5,True,False,1.0,False,True,0.0,1.0,-0.038628773485906764,-0.038628773485906764,0.8819442352764654,0.8438705003532642,9.182461911969817,-0.3702440468351108,-0.3702440468351108
2022-06-13,132.8699951171875,135.1999969482422,131.44000244140625,131.8800048828125,131.27853393554688,122207100,4.877321279257161,-2.4594881245079407,4.969910170955344,0.03764559412813055,4.951087373891278,4.988732968019409,0.5,-0.5,True,False,1.0,False,True,0.0,1.0,-0.03828475053107748,-0.03828475053107748,0.848179220246584,0.8115631287667039,4.0427739721141265,-0.5597287513009817,-0.5597287513009817
2022-06-14,133.1300048828125,133.88999938964844,131.47999572753906,132.75999450683594,132.15451049804688,84784300,4.883971772121606,-2.0184750426201394,4.964480883712432,0.03988610703173191,4.944537830196566,4.984423937228298,0.5,-0.5,True,False,1.0,False,True,0.0,1.0,0.006672656497901428,0.006672656497901428,0.8538388288319473,0.8169784107513263,5.005106295930339,0.23803762724656388,0.23803762724656388
2022-06-15,134.2899932861328,137.33999633789062,132.16000366210938,135.42999267578125,134.81231689453125,91533000,4.903883565925226,-1.4267388915974244,4.959208726235547,0.03877735487281526,4.939820048799139,4.978597403671954,0.5,-0.5,True,False,1.0,False,True,0.0,1.0,0.02011135591564735,0.02011135591564735,0.8710106854131862,0.8334089543453461,7.749268453730927,0.5482725032297258,0.5482725032297258
2022-06-16,132.0800018310547,132.38999938964844,129.0399932861328,130.05999755859375,129.46682739257812,108123900,4.863424689194567,-2.1220796513861444,4.9544475444862925,0.04289323222729597,4.933000928372644,4.975894160599941,0.5,-0.5,True,False,1.0,False,True,0.0,1.0,-0.03965134362415196,-0.03965134362415196,0.8364739414255599,0.8003631695171537,2.490134713093987,-0.6786619630017982,-0.6786619630017982
2022-06-17,130.07000732421875,133.0800018310547,129.80999755859375,131.55999755859375,130.95999145507812,134520300,4.874891867814543,-1.6688301137258534,4.951235551925514,0.04574682796232928,4.928362137944349,4.974108965906678,0.5,-0.5,True,False,1.0,False,True,0.0,1.0,0.011533178749891865,0.011533178749891865,0.8461211449116474,0.809593901016025,4.0696545369102,0.634310993501899,0.634310993501899
2022-06-21,133.4199981689453,137.05999755859375,133.32000732421875,135.8699951171875,135.25030517578125,81000500,4.907127174106901,-0.8907800655955818,4.948056265105285,0.04594747073849008,4.92508252973604,4.97103000047453,0.5,-0.5,True,False,1.0,False,True,0.0,1.0,0.032760491758086194,0.032760491758086194,0.8738404897058678,0.8361165953376574,8.446324018929538,1.0754400508260913,1.0754400508260913
2022-06-22,134.7899932861328,137.75999450683594,133.91000366210938,135.35000610351562,134.7327117919922,73409200,4.903292903168496,-0.9020139971758124,4.945152792130809,0.046407139017105775,4.921949222622256,4.968356361639362,0.5,-0.5,True,False,1.0,False,True,0.0,1.0,-0.003826929507599706,-0.003826929507599706,0.8704963637508771,0.8329168360671659,8.01508639645666,-0.05105624902696212,-0.05105624902696212
2022-06-23,136.82000732421875,138.58999633789062,135.6300048828125,138.27000427246094,137.63938903808594,72433800,4.924637142079599,-0.3874117930594385,4.942098898453378,0.04507285706478121,4.9195624699209874,4.964635326985769,0.5,-0.5,False,False,1.0,False,True,0.0,1.0,0.02157365651914762,0.02157365651914762,0.8892761533036054,0.8508858977974941,11.008119403866623,0.373424921374913,0.373424921374913
2022-06-24,139.89999389648438,141.91000366210938,139.77000427246094,141.66000366210938,141.01393127441406,89116800,4.948858688862076,0.14463210352068637,4.942336791352173,0.04509301428344539,4.919790284210451,4.964883298493896,0.5,-0.5,False,True,0.0,False,False,0.0,0.0,0.024517271254338113,0.024517271254338113,0.9110787779741641,0.8717472981602862,14.46901740151096,0.314395027040558,0.314395027040558
2022-06-27,142.6999969482422,143.49000549316406,140.97000122070312,141.66000366210938,141.01393127441406,70207900,4.948858688862076,0.11793917546830812,4.9435726923775665,0.04481968322671715,4.921162850764208,4.965982533990925,0.5,-0.5,False,True,0.0,False,False,0.0,0.0,0.0,0.0,0.9110787779741641,0.8717472981602862,14.555373162827173,0.005968322445116074,0.0
2022-06-28,142.1300048828125,143.4199981689453,137.32000732421875,137.44000244140625,136.8131561279297,67083400,4.9186161710901635,-0.5555406751701477,4.943529063287132,0.044844407098252846,4.921106859738005,4.965951266836258,0.5,-0.5,True,False,1.0,False,True,0.0,1.0,-0.02978978820404374,-0.0,0.9110787779741641,0.8457781307806439,10.440953777658983,-0.2826735762210457,-0.0
2022-06-29,137.4600067138672,140.6699981689453,136.6699981689453,139.22999572753906,138.59500122070312,66242400,4.931556019876708,-0.24279469991316524,4.942429610195975,0.04478512225825475,4.920037049066848,4.964822171325102,0.5,-0.5,False,False,1.0,False,True,0.0,1.0,0.013023930908422946,0.013023930908422946,0.9229446050306301,0.8567934867197862,12.309154631748633,0.178930095264585,0.178930095264585
2022-06-30,137.25,138.3699951171875,133.77000427246094,136.72000122070312,136.096435546875,98964500,4.9133637193576245,-0.6203457506645473,4.941378585507194,0.04516008390411088,4.9187985435551385,4.96395862745925,0.5,-0.5,True,False,1.0,False,True,0.0,1.0,-0.01802781955930235,-0.01802781955930235,0.9063059262279064,0.8413473683416164,9.896944719236721,-0.1959687715913627,-0.1959687715913627
2022-07-01,136.0399932861328,139.0399932861328,135.66000366210938,138.92999267578125,138.29635620117188,71051600,4.9293988912605124,-0.25483336953236724,4.94092339635117,0.045223689157373355,4.918311551772484,4.963535240929857,0.5,-0.5,False,False,1.0,False,True,0.0,1.0,0.016164425214054687,0.016164425214054687,0.920955840593472,0.8549472649562162,12.18322113484978,0.23100830412533446,0.23100830412533446
2022-07-05,137.77000427246094,141.61000061035156,136.92999267578125,141.55999755859375,140.91436767578125,73353800,4.948152384435436,0.17446228228620395,4.940300969980068,0.04500350650283957,4.917799216728649,4.962802723231488,0.5,-0.5,False,True,0.0,False,False,0.0,0.0,0.018930444348086092,0.018930444348086092,0.9383899438808715,0.8711317965760181,14.887588370775369,0.22197473114805552,0.22197473114805552
2022-07-06,141.35000610351562,144.1199951171875,141.0800018310547,142.9199981689453,142.26815795898438,74064300,4.957713713077916,0.4455070058622063,4.938463072044045,0.04321063592841684,4.916857754079836,4.960068390008254,0.5,-0.5,False,True,0.0,False,False,0.0,0.0,0.009607184175271285,0.0,0.9383899438808715,0.8795009201866588,16.327734415294707,0.09673467647361698,0.0
2022-07-07,143.2899932861328,146.5500030517578,143.27999877929688,146.35000610351562,145.68252563476562,66253700,4.98142977213594,1.0302394456065342,4.937788238020805,0.04236057384644415,4.916607951097583,4.958968524944027,0.5,-0.5,False,True,0.0,True,False,-1.0,0.0,0.023999521219397565,0.0,0.9383899438808715,0.9006085211831582,19.82845785239214,0.21440350192236077,0.0
2022-07-08,145.25999450683594,147.5500030517578,145.0,147.0399932861328,146.36936950683594,64547800,4.986133354956592,1.1686764846046205,4.937336496028054,0.04175394950728911,4.91645952127441,4.958213470781699,0.5,-0.5,False,True,0.0,True,False,-1.0,0.0,0.004714662030175597,0.0,0.9383899438808715,0.904854585982033,20.601657485778667,0.038994441178553135,0.0
2022-07-11,145.6699981689453,146.63999938964844,143.77999877929688,144.8699951171875,144.20925903320312,63141600,4.9712654324511,0.9074290448978816,4.935623176242945,0.03927828452103983,4.915984033982426,4.955262318503465,0.5,-0.5,False,True,0.0,True,False,-1.0,0.0,-0.014757940687391757,-0.0,0.9383899438808715,0.8915007956713957,18.527902773462067,-0.10065960536175855,-0.0
2022-07-12,145.75999450683594,148.4499969482422,145.0500030517578,145.86000061035156,145.19476318359375,77588800,4.9780760355116005,1.0735792551670542,4.935755027184455,0.039420478854688856,4.9160447877571105,4.9554652666117995,0.5,-0.5,False,True,0.0,True,False,-1.0,0.0,0.006833847958151702,0.0,0.9383899438808715,0.8975931765635854,19.599762685168876,0.057851119190999785,0.0
2022-07-13,142.99000549316406,146.4499969482422,142.1199951171875,145.49000549316406,144.82644653320312,71185600,4.975536105078521,1.0188102066617235,4.935576719247537,0.03922161907065723,4.915965909712209,4.955187528782866,0.5,-0.5,False,True,0.0,True,False,-1.0,0.0,-0.00253670753899644,-0.0,0.9383899438808715,0.8953162451856448,19.317801796094464,-0.014385933830095383,-0.0
2022-07-14,144.0800018310547,148.9499969482422,143.25,148.47000122070312,147.79286193847656,78140700,4.995811711938345,1.5415316011430744,4.935512111534056,0.03911668133146036,4.915953770868326,4.955070452199786,0.5,-0.5,False,True,0.0,True,False,-1.0,0.0,0.020482553264837253,0.0,0.9383899438808715,0.9136546078665337,22.370572962684115,0.1580289102669455,0.0
2022-07-15,149.77999877929688,150.86000061035156,148.1999969482422,150.1699981689453,149.48509216308594,76259900,5.0071966698859045,1.7722247591477627,4.936105148195181,0.04011428083473476,4.916048007777814,4.956162288612548,0.5,-0.5,False,True,0.0,True,False,-1.0,0.0,0.011450013230773074,0.0,0.9383899438808715,0.9241159652149623,24.149158948609703,0.07950560716046076,0.0
2022-07-18,150.74000549316406,151.57000732421875,146.6999969482422,147.07000732421875,146.3992462158203,81420900,4.986337452714914,1.1898142026704945,4.937328534201055,0.04119039628528608,4.916733336058412,4.957923732343698,0.5,-0.5,False,True,0.0,True,False,-1.0,0.0,-0.020643168510067977,-0.0,0.9383899438808715,0.9050392836221858,21.149668762660262,-0.12420681781640784,-0.0
2022-07-19,147.9199981689453,151.22999572753906,146.91000366210938,151.0,150.3113250732422,82982400,5.01270864370898,1.6410895257885316,4.9411825539549,0.04358451420845696,4.919390296850672,4.962974811059128,0.5,-0.5,False,True,0.0,True,False,-1.0,0.0,0.026721987705146565,0.0,0.9383899438808715,0.9292237322318124,25.14810338139835,0.1890542430526063,0.0
2022-07-20,151.1199951171875,153.72000122070312,150.3699951171875,153.0399932861328,152.34201049804688,64823400,5.0261280622978015,1.7692498320555854,4.947134825276526,0.0446478702951169,4.924810890128968,4.969458760424085,0.5,-0.5,False,True,0.0,True,False,-1.0,0.0,0.01350986310456112,0.0,0.9383899438808715,0.9417774176477736,27.26514456751925,0.0841829363436943,0.0
2022-07-21,154.5,155.57000732421875,151.94000244140625,155.35000610351562,154.6414794921875,65086600,5.041109402186096,1.8893882539889497,4.953420330479106,0.046411356438708265,4.930214652259751,4.97662600869846,0.5,-0.5,False,True,0.0,True,False,-1.0,0.0,0.015094122669269261,0.0,0.9383899438808715,0.9559927215168967,29.65096932297606,0.08750457014994241,0.0
2022-07-22,155.38999938964844,156.27999877929688,153.41000366210938,154.08999633789062,153.38722229003906,66675400,5.0329655887886915,1.5551550497200437,4.958583611393644,0.04782929998422825,4.93466896140153,4.982498261385758,0.5,-0.5,False,True,0.0,True,False,-1.0,0.0,-0.00811074238468989,-0.0,0.9383899438808715,0.9482389108310346,28.483067882143835,-0.039388305593343165,-0.0
2022-07-25,154.00999450683594,155.0399932861328,152.27999877929688,152.9499969482422,152.25242614746094,53623900,5.025539841750141,1.3345092768410713,4.965068217495867,0.045313753380131376,4.942411340805801,4.987725094185933,0.5,-0.5,False,True,0.0,True,False,-1.0,0.0,-0.007398244297248862,-0.0,0.9383899438808715,0.9412236077165494,27.434627500881923,-0.03680925052034806,-0.0
2022-07-26,152.25999450683594,153.08999633789062,150.8000030517578,151.60000610351562,150.90859985351562,55138700,5.016674354564197,1.0851161336346893,4.970739516965853,0.042331724849100555,4.949573654541303,4.991905379390404,0.5,-0.5,False,True,0.0,True,False,-1.0,0.0,-0.00882630463073066,-0.0,0.9383899438808715,0.9329160814292079,26.177156968252795,-0.04583515969330019,-0.0
2022-07-27,152.5800018310547,157.3300018310547,152.16000366210938,156.7899932861328,156.0749053955078,78620700,5.050336054799989,1.7159299751156516,4.976467872193577,0.043048483141879486,4.954943630622638,4.997992113764517,0.5,-0.5,False,True,0.0,True,False,-1.0,0.0,0.034234666195346264,0.0,0.9383899438808715,0.9648541520652073,31.429818271561196,0.20065820400888978,0.0
2022-07-28,156.97999572753906,157.63999938964844,154.41000366210938,157.35000610351562,156.6323699951172,81378700,5.053901467145841,1.6637914912519314,4.9824922147526705,0.042919592249770454,4.961032418627785,5.003952010877556,0.5,-0.5,False,True,0.0,True,False,-1.0,0.0,0.003571775989206655,0.0,0.9383899438808715,0.9683003949586402,32.073638632486784,0.02048438064015595,0.0
2022-07-29,161.24000549316406,163.6300048828125,159.5,162.50999450683594,161.76881408691406,101786900,5.0861682424555745,2.11787341636639,4.98895345876771,0.045902074664431636,4.966002421435494,5.011904496099925,0.5,-0.5,False,True,0.0,True,False,-1.0,0.0,0.03279299222732183,0.0,0.9383899438808715,1.0000538622842314,37.29643848559984,0.16283777194593022,0.0
2022-08-01,161.00999450683594,163.58999633789062,160.88999938964844,161.50999450683594,160.77337646484375,67829400,5.079995773788281,1.7673289290674798,4.994198942164758,0.04854604607688581,4.9699259191263145,5.018471965203201,0.5,-0.5,False,True,0.0,True,False,-1.0,0.0,-0.006153458116689231,-0.0,0.9383899438808715,0.9939000727282321,36.387356624845744,-0.024374495197580223,-0.0
2022-08-02,160.10000610351562,162.41000366210938,159.6300048828125,160.00999450683594,159.28021240234375,59907000,5.07066499327052,1.434759232240633,4.999071194341096,0.04989952134172188,4.974121433670235,5.024020955011957,0.5,-0.5,False,True,0.0,True,False,-1.0,0.0,-0.009287383864992782,-0.0,0.9383899438808715,0.9846693412293608,34.98054832366196,-0.03866200877651005,-0.0
2022-08-03,160.83999633789062,166.58999633789062,160.75,166.1300048828125,165.37232971191406,82507500,5.108199475438025,1.9701472041338002,5.00665452651501,0.051541807997874944,4.980883622516073,5.032425430513948,0.5,-0.5,False,True,0.0,True,False,-1.0,0.0,0.03824779749904872,0.0,0.9383899438808715,1.0223307747962231,41.15902139454848,0.17662596405634984,0.0
2022-08-04,166.00999450683594,167.19000244140625,164.42999267578125,165.80999755859375,165.05377197265625,55474100,5.1062713115530975,1.7554771689028008,5.013643138182066,0.05276523956670178,4.987260518398715,5.040025757965417,0.5,-0.5,False,True,0.0,True,False,-1.0,0.0,-0.001926306171127626,-0.0,0.9383899438808715,1.0203614527157994,40.926819416606854,-0.005641581604085057,-0.0
2022-08-05,163.2100067138672,165.85000610351562,163.0,165.35000610351562,164.8245086669922,56697000,5.104881324057515,1.623279742903249,5.021303842370061,0.05148680136793581,4.995560441686093,5.047047243054029,0.5,-0.5,False,True,0.0,True,False,-1.0,0.0,-0.001389021910399258,-0.0,0.9383899438808715,1.0189441483014503,40.783911872259004,-0.0034917823174371097,-0.0
2022-08-08,166.3699951171875,167.80999755859375,164.1999969482422,164.8699951171875,164.3460235595703,60276900,5.101974104865109,1.469342097458522,5.028206850914246,0.05020427446981625,5.003104713679337,5.053308988149154,0.5,-0.5,False,True,0.0,True,False,-1.0,0.0,-0.002902997322980624,-0.0,0.9383899438808715,1.0159861561666645,40.39178252615334,-0.009614804664492872,-0.0
2022-08-09,164.02000427246094,165.82000732421875,163.25,164.9199981689453,164.3958740234375,63135500,5.1022773851261025,1.3740176350258302,5.034371850941872,0.049421151849302264,5.009661275017221,5.059082426866523,0.5,-0.5,False,True,0.0,True,False,-1.0,0.0,0.0003033262551017443,0.0,0.9383899438808715,1.0162943314426498,40.527988751336714,0.0033721271175685204,0.0
2022-08-10,167.67999267578125,169.33999633789062,166.89999389648438,169.24000549316406,168.7021484375,70170500,5.1281347247257205,1.7335538078496795,5.0411886914077835,0.05015479353697473,5.0161112946392965,5.06626608817627,0.5,-0.5,False,True,0.0,True,False,-1.0,0.0,0.026194540706347445,0.0,0.9383899438808715,1.0429156946772544,44.92061892671543,0.10838510152403832,0.0
2022-08-11,170.05999755859375,170.99000549316406,168.19000244140625,168.49000549316406,167.95452880859375,57149200,5.12369328091412,1.5016612807922471,5.046879231758911,0.05115271342328472,5.021302875047269,5.072455588470554,0.5,-0.5,False,True,0.0,True,False,-1.0,0.0,-0.004431595186134957,-0.0,0.9383899438808715,1.0382939145051782,44.25935505912539,-0.014720720314847816,-0.0
2022-08-12,169.82000732421875,172.1699981689453,169.39999389648438,172.10000610351562,171.5530548095703,68039400,5.144892576255039,1.7257723357582049,5.053229600610849,0.0531141760387058,5.026672512591496,5.079786688630202,0.5,-0.5,False,True,0.0,True,False,-1.0,0.0,0.021425596716582472,0.0,0.9383899438808715,1.0605399811906477,47.94423682141814,0.08325656253621794,0.0
2022-08-15,171.52000427246094,173.38999938964844,171.35000610351562,173.19000244140625,172.63958740234375,54091700,5.151206111576152,1.6894528752871931,5.06042722777585,0.05373271141692542,5.033560872067388,5.087293583484313,0.5,-0.5,False,True,0.0,True,False,-1.0,0.0,0.006333507695211405,0.0,0.9383899438808715,1.067256919322598,49.11712517550779,0.024463594205460078,0.0
2022-08-16,172.77999877929688,173.7100067138672,171.66000366210938,173.02999877929688,172.4801025390625,56377100,5.150281882218731,1.5428789085251047,5.067315461644137,0.053773773246990834,5.040428575020641,5.094202348267633,0.5,-0.5,False,True,0.0,True,False,-1.0,0.0,-0.0009238023890173224,-0.0,0.9383899438808715,1.0662709848308325,49.04399607354275,-0.0014888717876652693,-0.0
2022-08-17,172.77000427246094,176.14999389648438,172.57000732421875,174.5500030517578,173.99526977539062,79542000,5.159028113646101,1.584628041536449,5.07465514198684,0.05324465391730227,5.048032815028189,5.101277468945491,0.5,-0.5,False,True,0.0,True,False,-1.0,0.0,0.008784591463151392,0.0,0.9383899438808715,1.0756377398215835,50.64551907118709,0.03265482272779756,0.0
2022-08-18,173.75,174.89999389648438,173.1199951171875,174.14999389648438,173.59652709960938,62290100,5.1567337968395615,1.426054890165582,5.081092025382889,0.05304267877647397,5.054570685994651,5.107613364771126,0.5,-0.5,False,True,0.0,True,False,-1.0,0.0,-0.0022916868734189403,-0.0,0.9383899438808715,1.0731727149326804,50.33313215672202,-0.006168105692153654,-0.0
2022-08-19,173.02999877929688,173.74000549316406,171.30999755859375,171.52000427246094,170.97488403320312,70346300,5.141516668716365,1.0578944293440984,5.086464825336106,0.05203907105777201,5.0604452898072205,5.112484360864992,0.5,-0.5,False,True,0.0,True,False,-1.0,0.0,-0.015101932683837367,-0.0,0.9383899438808715,1.056965732833636,47.797844851631986,-0.05037014778249694,-0.0
2022-08-22,169.69000244140625,169.86000061035156,167.13999938964844,167.57000732421875,167.03744506835938,69026800,5.118218009248991,0.5517008679864132,5.09174004759747,0.047993329697231905,5.067743382748854,5.115736712446085,0.5,-0.5,False,True,0.0,True,False,-1.0,0.0,-0.023029341339275915,-0.0,0.9383899438808715,1.032624508188292,43.94676164810445,-0.08057022686862936,-0.0
2022-08-23,167.0800018310547,168.7100067138672,166.64999389648438,167.22999572753906,166.69851684570312,54147100,5.116186892570816,0.44850412325036243,5.095879177551943,0.04527876995132371,5.073239792576281,5.118518562527605,0.5,-0.5,False,True,0.0,False,False,-1.0,0.0,-0.002029055356525269,-0.0,0.9383899438808715,1.0305292558986734,43.69418918676438,-0.0057472371539567055,-0.0
2022-08-24,167.32000732421875,168.11000061035156,166.25,167.52999877929688,166.99757385253906,53841500,5.117979284482118,0.42796487592715743,5.0995532264393155,0.0430550708230052,5.078025691027813,5.121080761850818,0.5,-0.5,False,True,0.0,False,False,-1.0,0.0,0.0017939992058402415,0.0,0.9383899438808715,1.0323780245653507,44.079601954916534,0.008820687037005316,0.0
2022-08-25,168.77999877929688,170.13999938964844,168.35000610351562,170.02999877929688,169.4896240234375,51218200,5.1327917097458196,0.7082147274686669,5.103220518741704,0.041754555302471776,5.082343241090468,5.12409779639294,0.5,-0.5,False,True,0.0,True,False,-1.0,0.0,0.014922672907206119,0.0,0.9383899438808715,1.047783864142527,46.658007887131184,0.058494310698444525,0.0
2022-08-26,170.57000732421875,171.0500030517578,163.55999755859375,163.6199951171875,163.10000610351562,78961000,5.09436354704889,-0.28876969195104485,5.105676437072113,0.03917616820099084,5.086088352971617,5.125264521172608,0.5,-0.5,False,False,0.0,False,True,0.0,0.0,-0.03769916864667952,-0.0,0.9383899438808715,1.0082832835429483,40.354745728525494,-0.13509496963208759,-0.0
2022-08-29,161.14999389648438,162.89999389648438,159.82000732421875,161.3800048828125,160.8671112060547,73314000,5.080578627921747,-0.7605514735259334,5.107877988518976,0.03589416567779319,5.089930905680079,5.125825071357873,0.5,-0.5,True,False,1.0,False,True,0.0,1.0,-0.013690342206632249,-0.0,0.9383899438808715,0.9944795403500185,38.20820659238077,-0.05319173984108154,-0.0
2022-08-30,162.1300048828125,162.55999755859375,157.72000122070312,158.91000366210938,158.40496826171875,77906200,5.065154844177074,-1.4026062926510745,5.109817208103491,0.03184240949183327,5.093896003357575,5.125738412849408,0.5,-0.5,True,False,1.0,False,True,0.0,1.0,-0.015305446376681549,-0.015305446376681549,0.9240274669143856,0.9792585870724844,35.832419409361044,-0.062180023479392735,-0.062180023479392735
2022-08-31,160.30999755859375,160.5800018310547,157.13999938964844,157.22000122070312,156.7203369140625,87991100,5.054462923417426,-1.7608215647074568,5.10998228284819,0.03153037226687287,5.094217096714753,5.1257474689816265,0.5,-0.5,True,False,1.0,False,True,0.0,1.0,-0.010634965343213731,-0.010634965343213731,0.9142004668275736,0.968844205936924,34.23414382302101,-0.044604177241866494,-0.044604177241866494
2022-09-01,156.63999938964844,158.4199981689453,154.6699981689453,157.9600067138672,157.45799255371094,74229900,5.059158708746506,-1.6380070787957424,5.110192572512216,0.03115607034081311,5.094614537341809,5.125770607682623,0.5,-0.5,True,False,1.0,False,True,0.0,1.0,0.004706827806610258,0.004706827806610258,0.9185034510056537,0.9734043887857011,35.05815522398563,0.02406987027993115,0.02406987027993115
2022-09-02,159.75,160.36000061035156,154.97000122070312,155.80999755859375,155.3148193359375,76957800,5.045454149529547,-1.8870174979247218,5.108564008795175,0.03344423638627278,5.091841890602038,5.125286126988311,0.5,-0.5,True,False,1.0,False,True,0.0,1.0,-0.013611079266378768,-0.013611079266378768,0.9060016277275733,0.9601553044916981,33.001337767528405,-0.058668730380029184,-0.058668730380029184
2022-09-06,156.47000122070312,157.08999633789062,153.69000244140625,154.52999877929688,154.0388946533203,73714800,5.037205133208942,-1.9364175130460617,5.106852383172002,0.03596706262664498,5.088868851858679,5.124835914485324,0.5,-0.5,True,False,1.0,False,True,0.0,1.0,-0.008215086545331079,-0.008215086545331079,0.8985587459455805,0.95226754556834,31.81176884622743,-0.03604608181888458,-0.03604608181888458
2022-09-07,154.82000732421875,156.6699981689453,153.61000061035156,155.9600067138672,155.46435546875,87449600,5.046416480061808,-1.5948444997286506,5.105882442643653,0.037286370296265504,5.08723925749552,5.124525627791785,0.5,-0.5,True,False,1.0,False,True,0.0,1.0,0.009253901870938682,0.009253901870938682,0.9068739204058347,0.9610797359899091,33.3235854229733,0.04752381371981328,0.04752381371981328
2022-09-08,154.63999938964844,156.36000061035156,152.67999267578125,154.4600067138672,153.9691162109375,84923800,5.036752038217154,-1.6669138575246871,5.103024545154818,0.03975760753232712,5.0831457413886545,5.122903348920981,0.5,-0.5,True,False,1.0,False,True,0.0,1.0,-0.009617891209236442,-0.009617891209236442,0.8981517056988777,0.9518361756457565,31.914701926477015,-0.042278868813588166,-0.042278868813588166
2022-09-09,155.47000122070312,157.82000732421875,154.75,157.3699951171875,156.86985778808594,68028800,5.055416530308714,-1.1150925515049523,5.1009903539050425,0.04086999194355726,5.080555357933264,5.121425349876821,0.5,-0.5,True,False,1.0,False,True,0.0,1.0,0.01883976247012047,0.01883976247012047,0.9150726704963781,0.9697685431053904,34.901799264941666,0.09359627877290311,0.09359627877290311
2022-09-12,159.58999633789062,164.25999450683594,159.3000030517578,163.42999267578125,162.9105987548828,104956000,5.0932015764435095,-0.1790538966190401,5.1005231640004824,0.040890411743178055,5.080077958128894,5.120968369872071,0.5,-0.5,False,False,1.0,False,True,0.0,1.0,0.03850797758073611,0.03850797758073611,0.950310268376597,1.007112368421796,41.028895993054725,0.17555246025002602,0.17555246025002602
2022-09-13,159.89999389648438,160.5399932861328,153.3699951171875,153.83999633789062,153.35107421875,122656600,5.032729895548767,-1.5095463274806014,5.097753395627828,0.043074862225383724,5.076215964515137,5.11929082674052,0.5,-0.5,True,False,1.0,False,True,0.0,1.0,-0.058679574006821895,-0.058679574006821895,0.8945464666539498,0.9480154436658035,31.555727218238125,-0.23089017009914659,-0.23089017009914659
2022-09-14,154.7899932861328,157.10000610351562,153.61000061035156,155.30999755859375,154.81640625,87965400,5.042239939066901,-1.194510957561178,5.09535189778546,0.044463349944480465,5.07312022281322,5.117583572757701,0.5,-0.5,True,False,1.0,False,True,0.0,1.0,0.009555407672982809,0.009555407672982809,0.9030942228252546,0.957074117710314,33.10741501080434,0.04917293719250402,0.04917293719250402
2022-09-15,154.64999389648438,155.24000549316406,151.3800048828125,152.3699951171875,151.88575744628906,90481100,5.02312864250849,-1.4734872430770807,5.091151654496772,0.04616464262441133,5.0680693331845665,5.114233975808978,0.5,-0.5,True,False,1.0,False,True,0.0,1.0,-0.0189298335667247,-0.0189298335667247,0.8859987994921019,0.9389568639510378,30.263121968409585,-0.08591105773333681,-0.08591105773333681
2022-09-16,151.2100067138672,151.35000610351562,148.3699951171875,150.6999969482422,150.2210693359375,162278800,5.012108004698363,-1.5461808692297034,5.086688243448141,0.0482351322759113,5.062570677310186,5.110805809586097,0.5,-0.5,True,False,1.0,False,True,0.0,1.0,-0.010960133052239881,-0.010960133052239881,0.8762881347655437,0.9286657717918205,28.684789619374236,-0.05215365257698479,-0.05215365257698479
2022-09-19,149.30999755859375,154.55999755859375,149.10000610351562,154.47999572753906,153.98904418945312,81474200,5.0368814582560155,-0.9548305840738299,5.08236779872818,0.04763812683721857,5.058548735309571,5.10618686214679,0.5,-0.5,True,False,1.0,False,True,0.0,1.0,0.025082865340875386,0.025082865340875386,0.8982679520496747,0.9519593702923549,32.539120234206074,0.13436844634302467,0.13436844634302467
2022-09-20,153.39999389648438,158.0800018310547,153.0800018310547,156.89999389648438,156.40135192871094,107689800,5.052425472119317,-0.5681148223502851,5.078416573149907,0.04574973228662585,5.0555417070065936,5.10129143929322,0.5,-0.5,True,False,1.0,False,True,0.0,1.0,0.015665450434837067,0.015665450434837067,0.9123397241297114,0.9668722426236485,35.0377837347801,0.07678952235307694,0.07678952235307694
2022-09-21,157.33999633789062,158.74000549316406,153.60000610351562,153.72000122070312,153.23146057128906,101696800,5.031949592433249,-0.9464239920678059,5.073683281558488,0.04409618677782681,5.051635188169574,5.095731374947401,0.5,-0.5,True,False,1.0,False,True,0.0,1.0,-0.020267672359166936,-0.020267672359166936,0.8938487215207976,0.9472759927969794,31.95424813867441,-0.0880060114374424,-0.0880060114374424
2022-09-22,152.3800048828125,154.47000122070312,150.91000366210938,152.74000549316406,152.2545928955078,86652500,5.025554072936362,-1.03544023776825,5.068344319930098,0.04132565592193358,5.047681491969131,5.089007147891065,0.5,-0.5,True,False,1.0,False,True,0.0,1.0,-0.006375111691419102,-0.006375111691419102,0.8881503360858704,0.9412370025402987,31.06373622420937,-0.027868341968191875,-0.027868341968191875
2022-09-23,151.19000244140625,151.47000122070312,148.55999755859375,150.42999267578125,149.95191955566406,96029900,5.010314706417944,-1.3530367074229206,5.062487556313233,0.03855981852455476,5.043207647050956,5.08176746557551,0.5,-0.5,True,False,1.0,False,True,0.0,1.0,-0.015123834992774718,-0.015123834992774718,0.8747180969541303,0.9270018894247855,28.847418645681834,-0.07134742461533847,-0.07134742461533847
2022-09-26,149.66000366210938,153.77000427246094,149.63999938964844,150.77000427246094,150.2908477783203,93339400,5.0125724018797255,-1.2400457559509737,5.057329785639768,0.03609333248007314,5.039283119399731,5.075376451879804,0.5,-0.5,True,False,1.0,False,True,0.0,1.0,0.002260245975246989,0.002260245975246989,0.8766951750122466,0.9290971417144042,29.27270262965427,0.014742531704343509,0.014742531704343509
2022-09-27,152.74000549316406,154.72000122070312,149.9499969482422,151.75999450683594,151.27769470214844,84442700,5.01911718561794,-0.991680264725178,5.053365752694526,0.034535896593723935,5.036097804397664,5.0706337009913875,0.5,-0.5,True,False,1.0,False,True,0.0,1.0,0.006566247635276691,0.006566247635276691,0.8824517726320293,0.9351978236241288,30.345905314798607,0.03666223439366156,0.03666223439366156
2022-09-28,147.63999938964844,150.63999938964844,144.83999633789062,149.83999633789062,149.36378479003906,146691400,5.006384838963559,-1.2840061008176993,5.048973670550236,0.033168714353892174,5.03238931337329,5.065558027727182,0.5,-0.5,True,False,1.0,False,True,0.0,1.0,-0.012651633248891608,-0.012651633248891608,0.8712873164448546,0.9233660437444747,28.518351164005445,-0.06022407741125883,-0.06022407741125883
2022-09-29,146.10000610351562,146.72000122070312,140.67999267578125,142.47999572753906,142.0271759033203,128138200,4.956018418891368,-2.477789060867686,5.042495235926606,0.034900798619618964,5.025044836616797,5.059945635236415,0.5,-0.5,True,False,1.0,False,True,0.0,1.0,-0.04911906120370366,-0.04911906120370366,0.828490501422389,0.8780111705283682,21.26809803860288,-0.2542311469449013,-0.2542311469449013
2022-09-30,141.27999877929688,143.10000610351562,138.0,138.1999969482422,137.76077270507812,124925300,4.9255186497307495,-2.9290308330247794,5.034204313526003,0.03710635701400768,5.015651135019,5.052757492033007,0.5,-0.5,True,False,1.0,False,True,0.0,1.0,-0.030039344027697784,-0.030039344027697784,0.803603190226482,0.8516362909167049,17.088050601676905,-0.19654072636579617,-0.19654072636579617
2022-10-03,138.2100067138672,143.07000732421875,137.69000244140625,142.4499969482422,141.99728393554688,114311700,4.955807930203875,-1.9131308380947671,5.028662088852202,0.03808111666888413,5.00962153051776,5.047702647186644,0.5,-0.5,True,False,1.0,False,True,0.0,1.0,0.030752667448653067,0.030752667448653067,0.8283161318961937,0.8778263785584707,21.410917593461868,0.2529760177185305,0.2529760177185305
2022-10-04,145.02999877929688,146.22000122070312,144.25999450683594,146.10000610351562,145.63568115234375,87830100,4.981108168599092,-1.1581590630347678,5.024683270479296,0.037624453558238305,5.005871043700177,5.043495497258416,0.5,-0.5,True,False,1.0,False,True,0.0,1.0,0.02562300570797085,0.02562300570797085,0.8495400808717742,0.9003189288668818,25.135670571574956,0.1739651260556201,0.1739651260556201
2022-10-05,144.07000732421875,147.3800048828125,143.00999450683594,146.39999389648438,145.93472290039062,79471000,4.983159418305817,-1.019210879541929,5.021403453444446,0.03752318181279315,5.0026418625380495,5.040165044350842,0.5,-0.5,True,False,1.0,False,True,0.0,1.0,0.002053354958624866,0.002053354958624866,0.8512844882093829,0.9021676032038144,25.521068080938015,0.015332692567943342,0.015332692567943342
2022-10-06,145.80999755859375,147.5399932861328,145.22000122070312,145.42999267578125,144.96780395507812,68402200,4.976511676076552,-1.1022541335940563,5.018285403550811,0.03789845390558844,4.999336176598017,5.0372346305036055,0.5,-0.5,True,False,1.0,False,True,0.0,1.0,-0.006625694872991134,-0.006625694872991134,0.8456441369403971,0.8961901159406882,24.640504896941728,-0.0345033828993227,-0.0345033828993227
2022-10-07,142.5399932861328,143.10000610351562,139.4499969482422,140.08999633789062,139.644775390625,85925600,4.939101879522518,-1.8572622243060963,5.013483130381851,0.0400488686443419,4.99345869605968,5.033507564704022,0.5,-0.5,True,False,1.0,False,True,0.0,1.0,-0.03671869490485348,-0.03671869490485348,0.8145931878780045,0.8632831844967168,19.403832093804816,-0.21252295052553347,-0.21252295052553347
2022-10-10,140.4199981689453,141.88999938964844,138.57000732421875,140.4199981689453,139.97373962402344,74899000,4.941454830900962,-1.6179933033072407,5.009323157636707,0.0419459874135575,4.988350163929929,5.030296151343486,0.5,-0.5,True,False,1.0,False,True,0.0,1.0,0.0023557217409547453,0.0023557217409547453,0.8165121427607223,0.8653168394630363,19.819152088519438,0.021404019201301163,0.021404019201301163
2022-10-11,139.89999389648438,141.35000610351562,138.22000122070312,138.97999572753906,138.53829956054688,77033700,4.931146818522792,-1.6687333396274289,5.005080825049261,0.04430546497199874,4.982928092563262,5.0272335575352605,0.5,-0.5,True,False,1.0,False,True,0.0,1.0,-0.010255066895635047,-0.010255066895635047,0.8081387561156127,0.8564429573884234,18.47006778635909,-0.06806972851991122,-0.06806972851991122
2022-10-12,139.1300048828125,140.36000061035156,138.16000366210938,138.33999633789062,137.90032958984375,70433700,4.926531174860531,-1.5999871098778606,5.000285412841211,0.046096770108547895,4.977237027786937,5.023333797895485,0.5,-0.5,True,False,1.0,False,True,0.0,1.0,-0.004605007948897959,-0.004605007948897959,0.8044172707198878,0.852499030761872,17.918453576972176,-0.02986530508536098,-0.02986530508536098
2022-10-13,134.99000549316406,143.58999633789062,134.3699951171875,142.99000549316406,142.5355682373047,113224000,4.959591570228688,-0.8151332457232731,4.997198994121672,0.046136535456377935,4.974130726393483,5.020267261849861,0.5,-0.5,True,False,1.0,False,True,0.0,1.0,0.03361296279165905,0.03361296279165905,0.8314561185095632,0.8811540489627961,22.640047985749298,0.26350457021832835,0.26350457021832835
2022-10-14,144.30999755859375,144.52000427246094,138.19000244140625,138.3800048828125,137.94021606445312,88598000,4.92682037436739,-1.401625340036448,4.992055147884019,0.04654223325823524,4.968784031254902,5.015326264513137,0.5,-0.5,True,False,1.0,False,True,0.0,1.0,-0.03224003825628176,-0.03224003825628176,0.8046499414403954,0.8527456087145581,18.13105157421395,-0.19916019676166422,-0.19916019676166422
2022-10-17,141.07000732421875,142.89999389648438,140.27000427246094,142.41000366210938,141.95741271972656,85250900,4.955527102194675,-0.738615711726017,4.986548168914066,0.041998926135622006,4.965548705846254,5.007547631981877,0.5,-0.5,True,False,1.0,False,True,0.0,1.0,0.02912273715300247,0.02912273715300247,0.8280835501851429,0.8775798949355292,22.2346039908036,0.2263273257920538,0.2263273257920538
2022-10-18,145.49000549316406,146.6999969482422,140.61000061035156,143.75,143.29315185546875,99136600,4.964892544825968,-0.46119240243096776,4.983834674885154,0.04107207742222283,4.963298636174042,5.004370713596265,0.5,-0.5,False,False,1.0,False,True,0.0,1.0,0.009409435619817913,0.009409435619817913,0.8358753490384403,0.8858374264581718,23.656698887862,0.06395863392244762,0.06395863392244762
2022-10-19,141.69000244140625,144.9499969482422,141.5,143.86000061035156,143.40280151367188,61758300,4.965657464332232,-0.3840454545221356,4.980771375895767,0.039354486260852826,4.96109413276534,5.000448619026193,0.5,-0.5,False,False,1.0,False,True,0.0,1.0,0.000765212131796236,0.000765212131796236,0.836514970996194,0.8865152800036967,23.85270430738131,0.008285408731303495,0.008285408731303495
2022-10-20,143.02000427246094,145.88999938964844,142.64999389648438,143.38999938964844,142.93429565429688,64522000,4.962385053721813,-0.4144977108442128,4.9783416323443,0.038496180328687284,4.959093542179956,4.997589722508644,0.5,-0.5,False,False,1.0,False,True,0.0,1.0,-0.003267062110570644,-0.003267062110570644,0.8337820246295272,0.8836189795219548,23.470554209322522,-0.016021248288418572,-0.016021248288418572
2022-10-21,142.8699951171875,147.85000610351562,142.64999389648438,147.27000427246094,146.8019561767578,86548600,4.989084441546385,0.3075405172326633,4.977420689818221,0.03792590268468794,4.958457738475877,4.996383641160564,0.5,-0.5,False,True,0.0,False,False,0.0,0.0,0.02705900990910762,0.02705900990910762,0.8563433406960135,0.907528834244715,27.424570493099672,0.16846710344004626,0.16846710344004626
2022-10-24,147.19000244140625,150.22999572753906,146.0,149.4499969482422,148.9750213623047,75981900,5.003778650028265,0.7624499543608881,4.976096577489111,0.036306740371383255,4.957943207303419,4.994249947674803,0.5,-0.5,False,True,0.0,True,False,-1.0,0.0,0.014802699106613963,0.0,0.8563433406960135,0.9209627105086156,29.683991439962732,0.0823867395637629,0.0
2022-10-25,150.08999633789062,152.49000549316406,149.36000061035156,152.33999633789062,151.85585021972656,74732300,5.022931717056696,1.4065123514968603,4.974916827286606,0.034137552876084366,4.957848050848564,4.991985603724648,0.5,-0.5,False,True,0.0,True,False,-1.0,0.0,0.019337663663868514,0.0,0.8563433406960135,0.9387719776513959,32.65117605870082,0.09995908484003434,0.0
2022-10-26,150.9600067138672,151.99000549316406,148.0399932861328,149.35000610351562,148.87535095214844,88194300,5.003109385033884,0.9006922388202763,4.973763218990631,0.03258179073652367,4.957472323622369,4.990054114358893,0.5,-0.5,False,True,0.0,True,False,-1.0,0.0,-0.019627161306367297,-0.0,0.8563433406960135,0.9203465486161344,29.757032552438908,-0.08863826224999594,-0.0
2022-10-27,148.07000732421875,149.0500030517578,144.1300048828125,144.8000030517578,144.33981323242188,109180200,4.97217033370136,0.017644806150315846,4.971627869421232,0.030743567002501467,4.956256085919981,4.986999652922482,0.5,-0.5,False,True,0.0,False,False,-1.0,0.0,-0.030465336878932877,-0.0,0.8563433406960135,0.8923078809671807,25.30785059402853,-0.1495169906666557,-0.0
2022-10-28,148.1999969482422,157.5,147.82000732421875,155.74000549316406,155.24505615234375,164762400,5.045004875877196,2.1655075993988597,4.973015476199602,0.033243660607600055,4.956393645895802,4.989637306503401,0.5,-0.5,False,True,0.0,True,False,-1.0,0.0,0.07555256360462242,0.0,0.8563433406960135,0.9597240288988594,36.29944927526662,0.4343157725070335,0.0
2022-10-31,153.16000366210938,154.24000549316406,151.9199981689453,153.33999633789062,152.85267639160156,97943200,5.0294745581057025,1.6292408059821515,4.97369156244864,0.03423864382247339,4.956572240537404,4.990810884359877,0.5,-0.5,False,True,0.0,True,False,-1.0,0.0,-0.015410344264969816,-0.0,0.8563433406960135,0.9449343512141642,33.99342527584064,-0.0635277957508086,-0.0
2022-11-01,155.0800018310547,155.4499969482422,149.1300048828125,150.64999389648438,150.1712188720703,80379300,5.011776102274221,1.1333623815590985,4.973397919114891,0.03386223487190003,4.956466801678941,4.9903290365508415,0.5,-0.5,False,True,0.0,True,False,-1.0,0.0,-0.017542758051952448,-0.0,0.8563433406960135,0.9283575965158355,31.398323517625577,-0.07634128473835856,-0.0
2022-11-02,148.9499969482422,152.1699981689453,145.0,145.02999877929688,144.56907653808594,93604600,4.9737574316544215,0.050200272549153026,4.9720928228225265,0.03315935845298701,4.955513143596033,4.98867250204902,0.5,-0.5,False,True,0.0,False,False,-1.0,0.0,-0.03730503338830057,-0.0,0.8563433406960135,0.8937251853815298,25.882536944957415,-0.17567137205818817,-0.0
2022-11-03,142.05999755859375,142.8000030517578,138.75,138.8800048828125,138.43862915039062,97918500,4.930427116597275,-1.193281482856548,4.971069170730763,0.03405906713326065,4.954039637164133,4.988098704297393,0.5,-0.5,True,False,1.0,False,True,0.0,1.0,-0.042404970236358114,-0.0,0.8563433406960135,0.8558267954959423,19.838445318578316,-0.23352006177882204,-0.0
2022-11-04,142.08999633789062,142.6699981689453,134.3800048828125,138.3800048828125,138.16903686523438,140814800,4.928477840393884,-1.2599127821939031,4.971187538357288,0.03389893218563342,4.954238072264471,4.988137004450105,0.5,-0.5,True,False,1.0,False,True,0.0,1.0,-0.0019473775983680297,-0.0019473775983680297,0.8546757168578304,0.8541601775663104,19.65520879473828,-0.009236435663052671,-0.009236435663052671
2022-11-07,137.11000061035156,139.14999389648438,135.6699981689453,138.9199981689453,138.7082061767578,83374600,4.93237249050758,-1.0929130563447995,4.970250120769436,0.03465749635065764,4.9529213725941075,4.987578868944765,0.5,-0.5,True,False,1.0,False,True,0.0,1.0,0.0039022441189144703,0.0039022441189144703,0.8580108701475179,0.8574933190958295,20.2807338675779,0.03182490093959601,0.03182490093959601
2022-11-08,140.41000366210938,141.42999267578125,137.49000549316406,139.5,139.28733825683594,89908500,4.9365389811544125,-0.9066058904436642,4.968467353271649,0.03521747702478701,4.950858614759255,4.986076091784042,0.5,-0.5,True,False,1.0,False,True,0.0,1.0,0.004175182536353537,0.004175182536353537,0.8615932221485594,0.8610735102267583,20.94622170897224,0.0328137948922169,0.0328137948922169
2022-11-09,138.5,138.5500030517578,134.58999633789062,134.8699951171875,134.6643829345703,74917800,4.9027856307425886,-1.6693374276032493,4.96525240176912,0.03742009853347495,4.946542352502382,4.9839624510358576,0.5,-0.5,True,False,1.0,False,True,0.0,1.0,-0.03319006149533294,-0.03319006149533294,0.8329968901214866,0.8324944274703299,16.409622148022827,-0.21658319213751928,-0.21658319213751928
2022-11-10,141.24000549316406,146.8699951171875,139.5,146.8699951171875,146.64608764648438,118854000,4.9880221168983745,0.5927868480491454,4.965712819401992,0.03763460267345969,4.946895518065262,4.9845301207387225,0.5,-0.5,False,True,0.0,True,False,-1.0,0.0,0.08897456365827362,0.08897456365827362,0.9071124249487449,0.9065652559024469,28.477682621253074,0.7354258595579126,0.7354258595579126
2022-11-11,145.82000732421875,150.00999450683594,144.3699951171875,149.6999969482422,149.47177124023438,93979700,5.00710755386623,1.0154510596946906,4.968433046375742,0.03808603784619241,4.949390027452646,4.9874760652988375,0.5,-0.5,False,True,0.0,True,False,-1.0,0.0,0.019268728127011452,0.0,0.9071124249487449,0.9240336153478256,31.389721976319287,0.1022568933643828,0.0
2022-11-14,148.97000122070312,150.27999877929688,147.42999267578125,148.27999877929688,148.05393981933594,73374100,4.9975766656041,0.7063078901046972,4.970677919763867,0.0380835981263723,4.951636120700681,4.989719718827053,0.5,-0.5,False,True,0.0,True,False,-1.0,0.0,-0.009485613297641781,-0.0,0.9071124249487449,0.9152685897986143,30.058246316737062,-0.042417567781795035,-0.0
2022-11-15,152.22000122070312,153.58999633789062,148.55999755859375,150.0399932861328,149.81124877929688,89868300,5.0093761602484825,0.9381595544872716,4.973807093432894,0.03791366473374326,4.9548502610660226,4.992763925799766,0.5,-0.5,False,True,0.0,True,False,-1.0,0.0,0.011869383294394655,0.0,0.9071124249487449,0.926132263508254,31.901911038014184,0.06133640338992534,0.0
2022-11-16,149.1300048828125,149.8699951171875,147.2899932861328,148.7899932861328,148.5631561279297,64218300,5.001010161621756,0.6554406275631804,4.976786252903343,0.036958204450146914,4.958307150678269,4.995265355128417,0.5,-0.5,False,True,0.0,True,False,-1.0,0.0,-0.008331101045729133,-0.0,0.9071124249487449,0.9184165620392569,30.74017414796321,-0.03641590275474889,-0.0
2022-11-17,146.42999267578125,151.47999572753906,146.14999389648438,150.72000122070312,150.490234375,80389400,5.013898194209867,0.9317870484499456,4.978958517862591,0.037497490875624005,4.960209772424778,4.997707263300403,0.5,-0.5,False,True,0.0,True,False,-1.0,0.0,0.012971441219321431,0.0,0.9071124249487449,0.9303297484886004,32.753608156349735,0.06549845809900631,0.0
2022-11-18,152.30999755859375,152.6999969482422,149.97000122070312,151.2899932861328,151.05935668945312,74829600,5.017672850233662,0.9577870340880554,4.982592616897241,0.03662633976855018,4.9642794470129665,5.000905786781516,0.5,-0.5,False,True,0.0,True,False,-1.0,0.0,0.003781789009876575,0.0,0.9071124249487449,0.9338480593069958,33.409086232119044,0.020012392913793715,0.0
2022-11-21,150.16000366210938,150.3699951171875,147.72000122070312,148.00999450683594,147.7843475341797,58724100,4.995754099889606,0.3185144046935704,4.984201696805038,0.03626964091524087,4.966066876347417,5.002336517262659,0.5,-0.5,False,True,0.0,False,False,-1.0,0.0,-0.0216802800372451,-0.0,0.9071124249487449,0.9136019718689823,30.22043283816182,-0.0954426999829674,-0.0
2022-11-22,148.1300048828125,150.4199981689453,146.92999267578125,150.17999267578125,149.95103454589844,51804100,5.010308804443632,0.6673320410254164,4.986018347189745,0.03639935708251383,4.967818668648488,5.004218025731002,0.5,-0.5,False,True,0.0,True,False,-1.0,0.0,0.014661140018347592,0.0,0.9071124249487449,0.9269964182995919,32.47347561119678,0.07455362354009241,0.0
2022-11-23,149.4499969482422,151.8300018310547,149.33999633789062,151.07000732421875,150.83970642089844,58301400,5.016217726093503,0.7693403075354744,4.988040757660196,0.03662484359303875,4.969728335863676,5.006353179456715,0.5,-0.5,False,True,0.0,True,False,-1.0,0.0,0.0059264137636075255,0.0,0.9071124249487449,0.9324901826318174,33.448503247512996,0.03002535509257363,0.0
2022-11-25,148.30999755859375,148.8800048828125,147.1199951171875,148.11000061035156,147.8842010498047,35195900,4.996429542170494,0.193782691640931,4.989402537198143,0.03626229418555079,4.971271390105367,5.007533684290919,0.5,-0.5,False,True,0.0,False,False,-1.0,0.0,-0.019593682865218523,-0.0,0.9071124249487449,0.9142192657183998,30.57935363773543,-0.08577811654370203,-0.0
2022-11-28,145.13999938964844,146.63999938964844,143.3800048828125,144.22000122070312,144.00013732910156,69246000,4.969814253249862,-0.5159214464328059,4.988631729666282,0.03647353012077259,4.970394964605895,5.006868494726668,0.5,-0.5,True,False,1.0,False,True,0.0,1.0,-0.026264223582578936,-0.0,0.9071124249487449,0.8902080065200706,26.781645678348518,-0.12419189772214405,-0.0
2022-11-29,144.2899932861328,144.80999755859375,140.35000610351562,141.1699981689453,140.9547882080078,83763800,4.948439187951605,-1.0212628780796487,4.986418151183216,0.03718823433886605,4.967824034013783,5.005012268352648,0.5,-0.5,True,False,1.0,False,True,0.0,1.0,-0.021148237616842213,-0.021148237616842213,0.8879285958407388,0.8713816760697687,23.82265231857098,-0.11048586764665175,-0.11048586764665175
2022-11-30,141.39999389648438,148.72000122070312,140.5500030517578,148.02999877929688,147.8043212890625,111380900,4.99588924549578,0.2893694884465428,4.985336452320779,0.03646823039862545,4.967102337121466,5.003570567520092,0.5,-0.5,False,True,0.0,False,False,0.0,0.0,0.048593830462479864,0.048593830462479864,0.9310764474898114,0.9137254495048145,30.758541160941853,0.29114679380028524,0.29114679380028524
2022-12-01,148.2100067138672,149.1300048828125,146.61000061035156,148.30999755859375,148.08389282226562,71250400,4.997778956562771,0.34791927803671624,4.985123235181935,0.03637545310007232,4.966935508631899,5.003310961731971,0.5,-0.5,False,True,0.0,False,False,0.0,0.0,0.0018914976961760404,0.0,0.9310764474898114,0.9154537590874904,31.12446845546119,0.011896770155796717,0.0
2022-12-02,145.9600067138672,148.0,145.64999389648438,147.80999755859375,147.58465576171875,65447400,4.994401948508401,0.23100418819910376,4.986012499774216,0.03631730142898242,4.9678538490597255,5.004171150488707,0.5,-0.5,False,True,0.0,False,False,0.0,0.0,-0.0033713123759251326,-0.0,0.9310764474898114,0.9123674784998915,30.71158715623053,-0.013265489170409164,-0.0
2022-12-05,147.77000427246094,150.9199981689453,145.77000427246094,146.6300048828125,146.40646362304688,68826400,4.986386750983257,0.07955049022733313,4.983667774778459,0.03417925140408909,4.9665781490764145,5.000757400480503,0.5,-0.5,False,True,0.0,False,False,0.0,0.0,-0.007983161478345775,-0.0,0.9310764474898114,0.9050839015914357,29.619750778874867,-0.035551284660133846,-0.0
2022-12-06,147.07000732421875,147.3000030517578,141.9199981689453,142.91000366210938,142.692138671875,64727200,4.960689433069526,-0.6112815162562224,4.980916369777011,0.03308939689746278,4.96437167132828,4.997461068225743,0.5,-0.5,True,False,1.0,False,True,0.0,1.0,-0.025369951976540857,-0.0,0.9310764474898114,0.8821219664733208,25.991781589019176,-0.12248479796268907,-0.0
2022-12-07,142.19000244140625,143.3699951171875,140.0,140.94000244140625,140.7251434326172,69721100,4.9468086505900555,-0.951475833168899,4.978317671709645,0.03311594474727575,4.961759699336007,4.994875644083283,0.5,-0.5,True,False,1.0,False,True,0.0,1.0,-0.013784888625020746,-0.013784888625020746,0.9182416623597844,0.8699620134118018,24.111142111077577,-0.07235515855273726,-0.07235515855273726
2022-12-08,142.36000061035156,143.52000427246094,141.10000610351562,142.64999389648438,142.43252563476562,62128300,4.958868383252701,-0.5655913908949096,4.977722109773577,0.03333453589356102,4.961054841826797,4.994389377720357,0.5,-0.5,True,False,1.0,False,True,0.0,1.0,0.012132744444250476,0.012132744444250476,0.9293824537872595,0.8805170401967328,25.9048800745422,0.07439456642912451,0.07439456642912451
2022-12-09,142.33999633789062,145.57000732421875,140.89999389648438,142.16000366210938,141.9432830810547,76097000,4.955427562891725,-0.7231480732695033,4.978722127625354,0.03221271769184142,4.9626157687794334,4.994828486471275,0.5,-0.5,True,False,1.0,False,True,0.0,1.0,-0.0034349075222150018,-0.0034349075222150018,0.926190111005731,0.8774925455919226,25.501993282147474,-0.015552544201532828,-0.015552544201532828
2022-12-12,142.6999969482422,144.5,141.05999755859375,144.49000549316406,144.2697296142578,70462700,4.971684669791219,-0.2872197794084814,4.980450400801248,0.0305192456734058,4.965190777964545,4.99571002363795,0.5,-0.5,False,False,1.0,False,True,0.0,1.0,0.0163899726898288,0.0163899726898288,0.9413703416307045,0.8918746244497027,27.914795576666812,0.09461230217672462,0.09461230217672462
2022-12-13,149.5,149.97000122070312,144.24000549316406,145.47000122070312,145.24822998046875,93886200,4.978444209636901,-0.13346279905769992,4.982293269566421,0.02883994608756647,4.9678732965226375,4.9967132426102046,0.5,-0.5,False,False,1.0,False,True,0.0,1.0,0.006782437097700326,0.006782437097700326,0.9477551267584554,0.8979237079890678,28.979651704193962,0.038146656836607236,0.038146656836607236
2022-12-14,145.35000610351562,146.66000366210938,141.16000366210938,143.2100067138672,142.99168395996094,82291200,4.962786474442743,-0.7460517622514186,4.983343169297954,0.027553979355500993,4.9695661796202035,4.997120158975704,0.5,-0.5,True,False,1.0,False,True,0.0,1.0,-0.015535790149120893,-0.015535790149120893,0.9330310019963826,0.8839737536918292,26.809461445002334,-0.07488669226751114,-0.07488669226751114
2022-12-15,141.11000061035156,141.8000030517578,136.02999877929688,136.5,136.29190063476562,98931900,4.914798913861045,-2.638557891219777,4.983823700622692,0.02616004257148899,4.970743679336948,4.996903721908437,0.5,-0.5,True,False,1.0,False,True,0.0,1.0,-0.0468543564188762,-0.0468543564188762,0.8893144348789829,0.8425557323714203,20.196033881123235,-0.24668259664395223,-0.24668259664395223
2022-12-16,136.69000244140625,137.64999389648438,133.72999572753906,134.50999450683594,134.304931640625,160156900,4.900112823931869,-2.58461707354412,4.980307328904032,0.03102761557718754,4.964793521115438,4.9958211366926255,0.5,-0.5,True,False,1.0,False,True,0.0,1.0,-0.014578775296892329,-0.014578775296892329,0.8763493195645994,0.8302723016740688,18.295420648298823,-0.09410824145036077,-0.09410824145036077
2022-12-19,135.11000061035156,135.1999969482422,131.32000732421875,132.3699951171875,132.16819763183594,79592600,4.884075335934932,-2.5389410794897302,4.9753860401867795,0.03596408951333339,4.957403995430113,4.993368084943446,0.5,-0.5,True,False,1.0,False,True,0.0,1.0,-0.015909572215163068,-0.015909572215163068,0.8624069767792774,0.8170630245323356,16.245042400825945,-0.11207057147732374,-0.11207057147732374
2022-12-20,131.38999938964844,133.25,129.88999938964844,132.3000030517578,132.0983123779297,77432800,4.883546436109276,-2.1801452332113276,4.970824831006986,0.040033293914621675,4.950808184049675,4.990841477964297,0.5,-0.5,True,False,1.0,False,True,0.0,1.0,-0.0005287599827979831,-0.0005287599827979831,0.8619509704810707,0.816630994301539,16.261512908235908,0.0010138790040415968,0.0010138790040415968
2022-12-21,132.97999572753906,136.80999755859375,132.75,135.4499969482422,135.24349975585938,85928000,4.907076855616797,-1.4500202759817507,4.96673285882172,0.041141495876347134,4.946162110883546,4.987303606759894,0.5,-0.5,True,False,1.0,False,True,0.0,1.0,0.023809444052028398,0.023809444052028398,0.8824735438883314,0.8360745242715139,19.493056047481808,0.19872340030608301,0.19872340030608301
2022-12-22,134.35000610351562,134.55999755859375,130.3000030517578,132.22999572753906,132.02841186523438,77852100,4.883017140828554,-1.8063712869147512,4.962013137989992,0.04373187158901396,4.940147202195485,4.9838790737844985,0.5,-0.5,True,False,1.0,False,True,0.0,1.0,-0.02377258719590113,-0.02377258719590113,0.8614948646181702,0.8161988697409978,16.36432391817302,-0.16050495733905046,-0.16050495733905046
2022-12-23,130.9199981689453,132.4199981689453,129.63999938964844,131.86000061035156,131.6589813232422,63814900,4.880215104832541,-1.6887977590067824,4.956665814414898,0.04526931017916553,4.934031159325316,4.979300469504481,0.5,-0.5,True,False,1.0,False,True,0.0,1.0,-0.0027981139572388182,-0.0027981139572388182,0.8590843038133925,0.8139150522916929,16.081249137497018,-0.01729828754866193,-0.01729828754866193
2022-12-27,131.3800048828125,131.41000366210938,128.72000122070312,130.02999877929688,129.83177185058594,69007800,4.8662395497456155,-1.8000951044560782,4.950608482395376,0.046869152880260556,4.927173905955246,4.974043058835506,0.5,-0.5,True,False,1.0,False,True,0.0,1.0,-0.01387835037375978,-0.01387835037375978,0.8471616308444728,0.8026192540215118,14.34039542615698,-0.10825363729244443,-0.10825363729244443
2022-12-28,129.6699981689453,131.02999877929688,125.87000274658205,126.04000091552734,125.8478546142578,85438400,4.835073674270806,-2.1295848220172457,4.9441812653706245,0.05123420770648934,4.91856416151738,4.969798369223869,0.5,-0.5,True,False,1.0,False,True,0.0,1.0,-0.030685225808309412,-0.030685225808309412,0.8211662849058745,0.7779907009737648,10.442833951145055,-0.2717889820459725,-0.2717889820459725
2022-12-29,127.98999786376952,130.47999572753906,127.7300033569336,129.61000061035156,129.41241455078125,75703700,4.8630043168063475,-1.453940748331538,4.938289085865133,0.05177980543235897,4.9123991831489535,4.964178988581312,0.5,-0.5,True,False,1.0,False,True,0.0,1.0,0.02832435997776325,0.02832435997776325,0.8444252943611509,0.800026789647498,14.09374964898469,0.34960966677434474,0.34960966677434474
2022-12-30,128.41000366210938,129.9499969482422,127.43000030517578,129.92999267578125,129.73191833496094,77034200,4.86547015460811,-1.3070338318794994,4.932259183005717,0.05109969364876039,4.906709336181337,4.957809029830098,0.5,-0.5,True,False,1.0,False,True,0.0,1.0,0.002468880480197784,0.002468880480197784,0.8465100794873844,0.8020019601720939,14.499609194480591,0.028797130331113724,0.028797130331113724
2023-01-03,130.27999877929688,130.89999389648438,124.16999816894533,125.06999969482422,124.87932586669922,112117500,4.827347877943881,-1.8383026094571073,4.9254959164366525,0.05339057780141927,4.898800627535943,4.952191205337362,0.5,-0.5,True,False,1.0,False,True,0.0,1.0,-0.03740476923907486,-0.03740476923907486,0.8148465653056078,0.7720032619225711,9.733372487535085,-0.32871483934614026,-0.32871483934614026
2023-01-04,126.88999938964844,128.66000366210938,125.08000183105467,126.36000061035156,126.16736602783205,89113600,4.8376093273472565,-1.492829014526007,4.9202077194005485,0.05533010897401273,4.892542664913542,4.947872773887555,0.5,-0.5,True,False,1.0,False,True,0.0,1.0,0.0103142786221294,0.0103142786221294,0.823251119814455,0.7799659186632332,11.107768409984097,0.14120449250340653,0.14120449250340653
2023-01-05,127.12999725341795,127.7699966430664,124.76000213623048,125.0199966430664,124.82939910888672,80962700,4.826947997975869,-1.5236857809046735,4.915348071801519,0.058017259814004324,4.886339441894517,4.9443567017085215,0.5,-0.5,True,False,1.0,False,True,0.0,1.0,-0.010604698830362967,-0.010604698830362967,0.8145207896270636,0.7716946149978622,9.856157252354983,-0.11267890285722168,-0.11267890285722168
2023-01-06,126.01000213623048,130.2899932861328,124.88999938964844,129.6199951171875,129.42239379882812,87754700,4.863081425817422,-0.8326304004615722,4.910035759014384,0.056392768232979035,4.881839374897895,4.9382321431308736,0.5,-0.5,True,False,1.0,False,True,0.0,1.0,0.0367941744711517,0.0367941744711517,0.8444904096709821,0.8000884813005418,14.535507703612602,0.47476418359087746,0.47476418359087746
2023-01-09,130.47000122070312,133.41000366210938,129.88999938964844,130.14999389648438,129.9515838623047,70790800,4.867161949257199,-0.6982228575350388,4.904811078722162,0.0539213648746425,4.87785039628484,4.931771761159483,0.5,-0.5,True,False,1.0,False,True,0.0,1.0,0.004088860111018547,0.004088860111018547,0.8479434128212234,0.803359931177017,15.151053528405349,0.04234773475712592,0.04234773475712592
2023-01-10,130.25999450683594,131.25999450683594,128.1199951171875,130.72999572753906,130.53070068359375,63896200,4.871608453375211,-0.5554842083186273,4.899899338916835,0.05093013467881621,4.874434271577426,4.925364406256243,0.5,-0.5,True,False,1.0,False,True,0.0,1.0,0.004456404486017565,0.004456404486017565,0.851722191650009,0.806940027978201,15.816526111010624,0.04392252864512957,0.04392252864512957
2023-01-11,131.25,133.50999450683594,130.4600067138672,133.49000549316406,133.2864990234375,69458900,4.89250093941035,-0.07646480239949671,4.896143906453918,0.04764240446911837,4.872322704219359,4.919965108688476,0.5,-0.5,False,False,1.0,False,True,0.0,1.0,0.02111226190782352,0.02111226190782352,0.8697039736328294,0.8239763571927832,18.658680212170587,0.1796952175978394,0.1796952175978394
2023-01-12,133.8800048828125,134.25999450683594,131.44000244140625,133.41000366210938,133.2066192626953,71379600,4.891901451035954,-0.0326198644038157,4.893392387172575,0.045706386702413754,4.870539193821369,4.916245580523782,0.5,-0.5,False,False,1.0,False,True,0.0,1.0,-0.0005993087171427708,-0.0005993087171427708,0.8691827524600975,0.823482540979198,18.665156212744613,0.00034707709765030906,0.00034707709765030906
2023-01-13,132.02999877929688,134.9199981689453,131.66000366210938,134.75999450683594,134.55455017089844,57809700,4.901969694296378,0.23366453588949568,4.891598828920828,0.04438356610715822,4.869407045867249,4.913790611974407,0.5,-0.5,False,True,0.0,False,False,0.0,0.0,0.010119098552789522,0.010119098552789522,0.877978098392626,0.831815441967868,20.099442882263922,0.0768430037858443,0.0768430037858443
2023-01-17,134.8300018310547,137.2899932861328,134.1300048828125,135.94000244140625,135.73275756835938,63646600,4.910687934675803,0.49637183622512787,4.889671610977752,0.0423398794296602,4.868501671262922,4.910841550692582,0.5,-0.5,False,True,0.0,False,False,0.0,0.0,0.0087563549204727,0.0,0.877978098392626,0.8390991132060687,21.364006041041073,0.06291533383211441,0.0
2023-01-18,136.82000732421875,138.61000061035156,135.02999877929688,135.2100067138672,135.00387573242188,69672800,4.905303487155381,0.43839389729989015,4.887666647948298,0.04023057646493233,4.867551359715832,4.907781936180764,0.5,-0.5,False,True,0.0,False,False,0.0,0.0,-0.005369977365783729,-0.0,0.877978098392626,0.8345931699605029,20.721479966419786,-0.03007516817711856,-0.0
2023-01-19,134.0800018310547,136.25,133.77000427246094,135.27000427246094,135.06378173828125,58280400,4.905747124186212,0.5679361131576587,4.885029146124098,0.03647941657896121,4.866789437834617,4.903268854413579,0.5,-0.5,False,True,0.0,True,False,-1.0,0.0,0.0004437354522925616,0.0,0.877978098392626,0.8349635085382556,20.867741733595345,0.007058461432898815,0.0
2023-01-20,135.27999877929688,138.02000427246094,134.22000122070312,137.8699951171875,137.65980529785156,80223600,4.924785462599405,1.3067766907508864,4.8828827962425985,0.03206566711312308,4.866849962686037,4.89891562979916,0.5,-0.5,False,True,0.0,True,False,-1.0,0.0,0.01922072317359465,0.0,0.877978098392626,0.8510121109959227,23.55012105448187,0.1285419071757111,0.0
2023-01-23,138.1199951171875,143.32000732421875,137.89999389648438,141.11000061035156,140.89488220214844,81760300,4.948014096045879,2.145251752302332,4.882291901106724,0.03063612224934487,4.866973839982052,4.897609962231396,0.5,-0.5,False,True,0.0,True,False,-1.0,0.0,0.023500519249589295,0.0,0.877978098392626,0.8710113374920161,26.87155372009496,0.1410367555193938,0.0
2023-01-24,140.30999755859375,143.16000366210938,140.3000030517578,142.52999877929688,142.31271362304688,66435100,4.958026844907043,2.201132460738428,4.884021018348563,0.03362170513520698,4.86721016578096,4.900831870916167,0.5,-0.5,False,True,0.0,True,False,-1.0,0.0,0.010063044155601115,0.0,0.877978098392626,0.8797763630412274,28.37574090230961,0.05597693374498834,0.0
2023-01-25,140.88999938964844,142.42999267578125,138.80999755859375,141.86000061035156,141.64373779296875,65799300,4.953315016283879,1.8522052978356696,4.8861491060426445,0.03626267040684903,4.86801777083922,4.904280441246069,0.5,-0.5,False,True,0.0,True,False,-1.0,0.0,-0.004700745372968473,-0.0,0.877978098392626,0.8756407583734143,27.79312083354767,-0.020532329737847264,-0.0
2023-01-26,143.1699981689453,144.25,141.89999389648438,143.9600067138672,143.74053955078125,54105100,4.968009865691115,1.973545630125614,4.889506487232891,0.039777838049392736,4.869617568208195,4.9093954062575875,0.5,-0.5,False,True,0.0,True,False,-1.0,0.0,0.01480334951960429,0.0,0.877978098392626,0.8886031745732272,29.97627835267638,0.07855028343897005,0.0
2023-01-27,143.16000366210938,147.22999572753906,143.0800018310547,145.92999267578125,145.70751953125,70555800,4.981601321555424,2.0132178199711457,4.893428682650737,0.04379686988164567,4.871530247709914,4.91532711759156,0.5,-0.5,False,True,0.0,True,False,-1.0,0.0,0.01368423957928617,0.0,0.877978098392626,0.9007630333050016,32.029614094461316,0.0684986881168858,0.0
2023-01-30,144.9600067138672,145.5500030517578,142.85000610351562,143.0,142.78199768066406,64015300,4.961318975296398,1.4349798315775912,4.8955983674379215,0.04579897669099931,4.872698879092422,4.918497855783421,0.5,-0.5,False,True,0.0,True,False,-1.0,0.0,-0.02007804305500169,-0.0,0.877978098392626,0.8826774743399498,29.19044800519159,-0.08864190748275934,-0.0
2023-01-31,142.6999969482422,144.33999633789062,142.27999877929688,144.2899932861328,144.0700225830078,65874500,4.970299449323615,1.4813642648332328,4.899089659777724,0.04807041133391124,4.875054454110768,4.92312486544468,0.5,-0.5,False,True,0.0,True,False,-1.0,0.0,0.00902091946650343,0.0,0.877978098392626,0.8906400367508671,30.564828668851554,0.04708323296084822,0.0
2023-02-01,143.97000122070312,146.61000061035156,141.32000732421875,145.42999267578125,145.20828247070312,77663600,4.978169142573123,1.4911979409749119,4.903007821287347,0.050403316166489236,4.877806163204102,4.928209479370592,0.5,-0.5,False,True,0.0,True,False,-1.0,0.0,0.007900740676565725,0.0,0.877978098392626,0.8976767527174027,31.78944431786308,0.04006617090118108,0.0
2023-02-02,148.89999389648438,151.17999267578125,148.1699981689453,150.82000732421875,150.590087890625,118339000,5.014561495740399,1.939381486014967,4.908940699127139,0.05446107296315895,4.881710162645559,4.936171235608718,0.5,-0.5,False,True,0.0,True,False,-1.0,0.0,0.037062661498029184,0.0,0.877978098392626,0.9309470423380178,37.25760549910114,0.17201185168768107,0.0
2023-02-03,148.02999877929688,157.3800048828125,147.8300018310547,154.5,154.26446533203125,154357300,5.038668436878237,2.0941605028042143,4.917084489631436,0.05805856193161535,4.888055208665628,4.946113770597243,0.5,-0.5,False,True,0.0,True,False,-1.0,0.0,0.02439986252000188,0.0,0.877978098392626,0.9536620221844679,41.0183387018236,0.10093867150998721,0.0
2023-02-06,152.57000732421875,153.10000610351562,150.77999877929688,151.72999572753906,151.49868774414062,69858300,5.020576963157064,1.6078492694996622,4.923387395485464,0.060446939595179584,4.893163925687874,4.9536108652830535,0.5,-0.5,False,True,0.0,True,False,-1.0,0.0,-0.01792880545715892,-0.0,0.877978098392626,0.9365640013168418,38.33891687524919,-0.06532253405122157,-0.0
2023-02-07,150.63999938964844,155.22999572753906,150.63999938964844,154.64999389648438,154.4142303466797,83322600,5.039638798801471,1.722223699749438,4.930354141253199,0.06345555316894778,4.898626364668725,4.962081917837673,0.5,-0.5,False,True,0.0,True,False,-1.0,0.0,0.019244672319954297,0.0,0.877978098392626,0.9545878686288496,41.34081523910444,0.07829898725681556,0.0
2023-02-08,153.8800048828125,154.5800018310547,151.1699981689453,151.9199981689453,151.6884002685547,64120100,5.021828418490582,1.3453568509115164,4.938133362875067,0.0622103017194351,4.90702821201535,4.969238513734785,0.5,-0.5,False,True,0.0,True,False,-1.0,0.0,-0.017652712913862684,-0.0,0.877978098392626,0.9377368030328884,38.70134092229565,-0.06384669246464443,-0.0
2023-02-09,153.77999877929688,154.3300018310547,150.4199981689453,150.8699951171875,150.63999938964844,56007100,5.0148928802971735,1.1543907337186632,4.9452247049930635,0.06035060163700933,4.9150494041745585,4.975400005811569,0.5,-0.5,False,True,0.0,True,False,-1.0,0.0,-0.006911542853969867,-0.0,0.877978098392626,0.9312555949329819,37.73929580470561,-0.02485818565102502,-0.0
2023-02-10,149.4600067138672,151.33999633789062,149.22000122070312,151.00999450683594,151.00999450683594,57450700,5.017346023411537,1.1375332816167334,4.95284062601049,0.05670638252391848,4.924487434748531,4.981193817272449,0.5,-0.5,False,True,0.0,True,False,-1.0,0.0,0.0024561545319079776,0.0,0.877978098392626,0.9335429025828412,38.195646683209326,0.012092193793579257,0.0
2023-02-13,150.9499969482422,154.25999450683594,150.9199981689453,153.85000610351562,153.85000610351562,62199000,5.03597814143991,1.3650044977799343,4.959756494635389,0.0558398502924266,4.9318365694891755,4.987676419781603,0.5,-0.5,False,True,0.0,True,False,-1.0,0.0,0.018806779021180123,0.0,0.877978098392626,0.9510998376585078,41.1220140412052,0.07661520649897238,0.0
2023-02-14,152.1199951171875,153.77000427246094,150.86000061035156,153.1999969482422,153.1999969482422,61707600,5.031744237386401,1.207960439121372,4.966339786160558,0.0541445308204102,4.939267520750352,4.993412051570763,0.5,-0.5,False,True,0.0,True,False,-1.0,0.0,-0.004224953717818437,-0.0,0.877978098392626,0.9470814848633761,40.55836064724797,-0.013706852815925577,-0.0
2023-02-15,153.11000061035156,155.5,152.8800048828125,155.3300018310547,155.3300018310547,65573800,5.045551897787974,1.3731697022931708,4.9732975239370685,0.052618677596980336,4.946988185138578,4.9996068627355585,0.5,-0.5,False,True,0.0,True,False,-1.0,0.0,0.013903426404976438,0.0,0.877978098392626,0.9602491625876898,42.774721291376686,0.05464620879047045,0.0
2023-02-16,153.50999450683594,156.3300018310547,153.35000610351562,153.7100067138672,153.7100067138672,68167900,5.035067753915632,1.0949884926516242,4.97900019651728,0.05120378686590468,4.953398303084327,5.004602089950232,0.5,-0.5,False,True,0.0,True,False,-1.0,0.0,-0.010429376798369541,-0.0,0.877978098392626,0.950234362250744,41.24108193550537,-0.035853871388765654,-0.0
2023-02-17,152.35000610351562,153.0,150.85000610351562,152.5500030517578,152.5500030517578,59144100,5.027492431167646,0.8841074886178295,4.984423835722547,0.04871420726503592,4.960066732090029,5.008780939355065,0.5,-0.5,False,True,0.0,True,False,-1.0,0.0,-0.007546702305912549,-0.0,0.877978098392626,0.9430632263979889,40.16743403471221,-0.0260334562141745,-0.0
2023-02-21,150.1999969482422,151.3000030517578,148.41000366210938,148.47999572753906,148.47999572753906,58867200,5.000450240263234,0.26475337374435504,4.988363057561221,0.04565449924609517,4.965535807938173,5.011190307184269,0.5,-0.5,False,True,0.0,False,False,-1.0,0.0,-0.02667982460044829,-0.0,0.877978098392626,0.9179024649305577,36.18378247180967,-0.09917615248860343,-0.0
2023-02-22,148.8699951171875,149.9499969482422,147.16000366210938,148.91000366210938,148.91000366210938,51011300,5.003342121194883,0.2636632580035446,4.992069225021985,0.04275489978488757,4.970691775129541,5.013446674914428,0.5,-0.5,False,True,0.0,False,False,-1.0,0.0,0.002896066453014839,0.0,0.877978098392626,0.9205607714663828,36.70014616769617,0.01427058368728558,0.0
